user_id,age,gender,tenure_days,num_interests,recency_score,frequency_score,monetary_score,monetary_avg_order,avg_items_per_order,frequency_last_30d,frequency_last_90d,days_between_orders,coupon_usage_rate,days_since_last_session,cart_additions_last_30d,churn
3,20.0,other,107.0,0.0,1.0,3.0,1.0,75000.0,1.0,0.0,0.0,0.0,1.0,107.0,0.0,1
1,42.0,female,79.0,3.0,2.0,3.0,3.0,127000.0,3.0,0.0,1.0,0.0,0.0,79.0,0.0,0
2,39.0,female,62.0,3.0,3.0,3.0,4.0,183000.0,3.0,0.0,1.0,0.0,0.0,62.0,0.0,0
4,54.0,female,33.0,2.0,4.0,3.0,4.0,243000.0,3.0,0.0,1.0,0.0,0.0,33.0,0.0,0
5,35.0,other,51.0,1.0,3.0,3.0,2.0,97000.0,3.0,0.0,1.0,0.0,1.0,50.0,0.0,0
6,21.0,female,48.0,0.0,3.0,3.0,5.0,393000.0,3.0,0.0,1.0,0.0,1.0,48.0,0.0,0
7,24.0,male,2.0,2.0,5.0,3.0,1.0,55000.0,1.0,1.0,1.0,0.0,1.0,2.0,1.0,0
8,44.0,female,71.0,2.0,2.0,3.0,1.0,76000.0,2.0,0.0,1.0,0.0,0.0,70.0,0.0,0
9,23.0,female,18.0,1.0,4.0,3.0,4.0,184000.0,2.0,1.0,1.0,0.0,0.0,18.0,1.0,0
10,52.0,other,42.0,3.0,3.0,3.0,3.0,139000.0,1.0,0.0,1.0,0.0,0.0,41.0,0.0,0
11,24.0,male,21.0,0.0,4.0,3.0,4.0,188000.0,2.0,1.0,1.0,0.0,0.0,21.0,1.0,0
12,44.0,other,120.0,1.0,1.0,3.0,4.0,183000.0,3.0,0.0,0.0,0.0,0.0,120.0,0.0,1
13,20.0,male,33.0,2.0,4.0,3.0,2.0,99000.0,1.0,0.0,1.0,0.0,0.0,33.0,0.0,0
15,20.0,female,27.0,1.0,4.0,3.0,3.0,144000.0,2.0,1.0,1.0,0.0,0.0,26.0,1.0,0
14,54.0,male,30.0,2.0,4.0,3.0,1.0,35000.0,1.0,1.0,1.0,0.0,0.0,30.0,1.0,0
16,25.0,other,60.0,0.0,3.0,3.0,5.0,393000.0,3.0,0.0,1.0,0.0,0.0,60.0,0.0,0
17,23.0,other,66.0,2.0,3.0,3.0,3.0,145000.0,3.0,0.0,1.0,0.0,0.0,65.0,0.0,0
18,35.0,male,8.0,2.0,4.0,3.0,5.0,273000.0,3.0,1.0,1.0,0.0,0.0,8.0,1.0,0
19,25.0,female,103.0,0.0,1.0,3.0,5.0,273000.0,3.0,0.0,0.0,0.0,0.0,102.0,0.0,1
20,50.0,female,97.0,3.0,2.0,3.0,4.0,183000.0,3.0,0.0,0.0,0.0,0.0,97.0,0.0,1
21,24.0,female,35.0,0.0,4.0,3.0,1.0,49000.0,1.0,0.0,1.0,0.0,0.0,34.0,0.0,0
22,51.0,male,104.0,1.0,1.0,3.0,1.0,65000.0,1.0,0.0,0.0,0.0,0.0,104.0,0.0,1
23,21.0,female,31.0,1.0,4.0,3.0,2.0,96000.0,2.0,1.0,1.0,0.0,0.0,30.0,1.0,0
24,45.0,other,113.0,3.0,1.0,3.0,1.0,75000.0,1.0,0.0,0.0,0.0,0.0,112.0,0.0,1
25,41.0,male,2.0,1.0,5.0,3.0,3.0,148000.0,2.0,1.0,1.0,0.0,0.0,2.0,1.0,0
26,54.0,female,5.0,3.0,5.0,3.0,1.0,45000.0,1.0,1.0,1.0,0.0,0.0,4.0,1.0,0
27,24.0,other,61.0,3.0,3.0,3.0,4.0,243000.0,3.0,0.0,1.0,0.0,1.0,60.0,0.0,0
28,46.0,female,4.0,1.0,5.0,3.0,1.0,35000.0,1.0,1.0,1.0,0.0,0.0,4.0,1.0,0
29,35.0,other,95.0,2.0,2.0,3.0,5.0,277000.0,3.0,0.0,0.0,0.0,1.0,95.0,0.0,1
30,30.0,male,92.0,3.0,1.0,1.0,1.0,0.0,0.0,0.0,0.0,0.0,0.0,92.0,0.0,1
31,40.0,male,104.0,2.0,1.0,3.0,2.0,93000.0,3.0,0.0,0.0,0.0,0.0,104.0,0.0,1
32,37.0,female,17.0,3.0,4.0,3.0,5.0,277000.0,3.0,1.0,1.0,0.0,0.0,17.0,1.0,0
34,31.0,male,46.0,2.0,3.0,3.0,2.0,84000.0,2.0,0.0,1.0,0.0,0.0,45.0,0.0,0
33,23.0,male,16.0,3.0,4.0,3.0,1.0,75000.0,1.0,1.0,1.0,0.0,0.0,16.0,1.0,0
35,33.0,other,82.0,2.0,2.0,3.0,4.0,183000.0,3.0,0.0,1.0,0.0,1.0,81.0,0.0,0
37,22.0,male,115.0,1.0,1.0,3.0,5.0,247000.0,3.0,0.0,0.0,0.0,0.0,115.0,0.0,1
36,42.0,other,61.0,2.0,3.0,3.0,2.0,88000.0,2.0,0.0,1.0,0.0,1.0,61.0,0.0,0
38,45.0,other,104.0,2.0,1.0,3.0,5.0,273000.0,3.0,0.0,0.0,0.0,1.0,104.0,0.0,1
39,21.0,male,75.0,2.0,2.0,3.0,3.0,144000.0,2.0,0.0,1.0,0.0,1.0,75.0,0.0,0
40,34.0,other,95.0,1.0,2.0,3.0,1.0,49000.0,1.0,0.0,0.0,0.0,0.0,94.0,0.0,1
41,54.0,male,16.0,1.0,4.0,3.0,1.0,64000.0,2.0,1.0,1.0,0.0,0.0,15.0,1.0,0
42,28.0,other,6.0,3.0,5.0,3.0,3.0,128000.0,2.0,1.0,1.0,0.0,0.0,5.0,1.0,0
43,27.0,other,117.0,2.0,1.0,3.0,2.0,95000.0,1.0,0.0,0.0,0.0,1.0,116.0,0.0,1
44,51.0,male,44.0,2.0,3.0,3.0,2.0,85000.0,1.0,0.0,1.0,0.0,0.0,43.0,0.0,0
45,47.0,female,39.0,1.0,3.0,3.0,1.0,49000.0,1.0,0.0,1.0,0.0,0.0,38.0,0.0,0
46,51.0,female,4.0,3.0,5.0,3.0,1.0,69000.0,1.0,1.0,1.0,0.0,0.0,4.0,1.0,0
48,43.0,male,52.0,0.0,3.0,3.0,2.0,89000.0,1.0,0.0,1.0,0.0,1.0,51.0,0.0,0
47,30.0,female,36.0,2.0,4.0,3.0,5.0,277000.0,3.0,0.0,1.0,0.0,0.0,36.0,0.0,0
49,38.0,male,28.0,0.0,4.0,3.0,2.0,85000.0,1.0,1.0,1.0,0.0,0.0,27.0,1.0,0
50,28.0,other,55.0,0.0,3.0,3.0,1.0,35000.0,1.0,0.0,1.0,0.0,0.0,54.0,0.0,0
51,55.0,female,81.0,2.0,2.0,3.0,1.0,41000.0,1.0,0.0,1.0,0.0,1.0,81.0,0.0,0
52,39.0,other,22.0,0.0,4.0,3.0,1.0,65000.0,1.0,1.0,1.0,0.0,1.0,22.0,1.0,0
53,35.0,other,30.0,1.0,4.0,3.0,3.0,145000.0,3.0,1.0,1.0,0.0,1.0,29.0,1.0,0
54,48.0,female,32.0,1.0,4.0,3.0,3.0,111000.0,3.0,0.0,1.0,0.0,0.0,31.0,0.0,0
55,48.0,female,120.0,1.0,1.0,3.0,1.0,51000.0,1.0,0.0,0.0,0.0,0.0,120.0,0.0,1
56,43.0,male,48.0,2.0,3.0,3.0,3.0,111000.0,3.0,0.0,1.0,0.0,0.0,48.0,0.0,0
57,19.0,female,98.0,0.0,2.0,3.0,1.0,41000.0,1.0,0.0,0.0,0.0,0.0,97.0,0.0,1
58,37.0,other,45.0,0.0,3.0,3.0,5.0,247000.0,3.0,0.0,1.0,0.0,1.0,44.0,0.0,0
59,45.0,female,16.0,3.0,4.0,3.0,1.0,49000.0,1.0,1.0,1.0,0.0,0.0,16.0,1.0,0
60,25.0,male,36.0,0.0,4.0,3.0,4.0,213000.0,3.0,0.0,1.0,0.0,0.0,36.0,0.0,0
61,20.0,male,70.0,0.0,2.0,3.0,5.0,247000.0,3.0,0.0,1.0,0.0,1.0,70.0,0.0,0
62,35.0,male,74.0,0.0,2.0,3.0,1.0,35000.0,1.0,0.0,1.0,0.0,1.0,73.0,0.0,0
63,47.0,male,53.0,0.0,3.0,3.0,3.0,145000.0,3.0,0.0,1.0,0.0,1.0,52.0,0.0,0
64,21.0,female,2.0,0.0,5.0,3.0,1.0,49000.0,1.0,1.0,1.0,0.0,1.0,2.0,1.0,0
65,42.0,male,12.0,0.0,4.0,3.0,2.0,96000.0,2.0,1.0,1.0,0.0,0.0,12.0,1.0,0
66,27.0,female,62.0,0.0,3.0,3.0,3.0,100000.0,2.0,0.0,1.0,0.0,0.0,61.0,0.0,0
67,36.0,other,47.0,2.0,3.0,3.0,5.0,277000.0,3.0,0.0,1.0,0.0,0.0,47.0,0.0,0
68,38.0,other,24.0,3.0,4.0,3.0,4.0,184000.0,2.0,1.0,1.0,0.0,0.0,23.0,1.0,0
69,53.0,female,81.0,3.0,2.0,3.0,2.0,97000.0,3.0,0.0,1.0,0.0,0.0,81.0,0.0,0
70,24.0,female,46.0,2.0,3.0,3.0,4.0,183000.0,3.0,0.0,1.0,0.0,0.0,45.0,0.0,0
71,37.0,other,42.0,1.0,3.0,3.0,4.0,243000.0,3.0,0.0,1.0,0.0,0.0,41.0,0.0,0
72,26.0,other,102.0,1.0,1.0,3.0,4.0,164000.0,2.0,0.0,0.0,0.0,0.0,101.0,0.0,1
73,47.0,other,30.0,3.0,4.0,3.0,2.0,89000.0,1.0,1.0,1.0,0.0,1.0,29.0,1.0,0
74,47.0,female,82.0,1.0,2.0,3.0,4.0,183000.0,3.0,0.0,1.0,0.0,0.0,82.0,0.0,0
75,37.0,male,71.0,1.0,2.0,3.0,1.0,45000.0,1.0,0.0,1.0,0.0,0.0,71.0,0.0,0
76,29.0,other,68.0,1.0,3.0,3.0,5.0,264000.0,2.0,0.0,1.0,0.0,0.0,68.0,0.0,0
77,24.0,female,74.0,1.0,2.0,3.0,3.0,141000.0,3.0,0.0,1.0,0.0,0.0,74.0,0.0,0
78,27.0,other,10.0,1.0,4.0,3.0,5.0,393000.0,3.0,1.0,1.0,0.0,0.0,10.0,1.0,0
79,47.0,male,51.0,1.0,3.0,3.0,4.0,188000.0,2.0,0.0,1.0,0.0,1.0,50.0,0.0,0
80,33.0,female,105.0,2.0,1.0,3.0,5.0,393000.0,3.0,0.0,0.0,0.0,1.0,104.0,0.0,1
81,47.0,female,10.0,1.0,4.0,3.0,3.0,111000.0,3.0,1.0,1.0,0.0,0.0,10.0,1.0,0
82,26.0,male,76.0,1.0,2.0,3.0,1.0,55000.0,1.0,0.0,1.0,0.0,0.0,76.0,0.0,0
83,45.0,female,115.0,0.0,1.0,3.0,5.0,268000.0,2.0,0.0,0.0,0.0,0.0,115.0,0.0,1
84,25.0,female,8.0,3.0,5.0,3.0,4.0,183000.0,3.0,1.0,1.0,0.0,0.0,7.0,1.0,0
85,51.0,other,111.0,2.0,1.0,3.0,4.0,188000.0,2.0,0.0,0.0,0.0,0.0,110.0,0.0,1
86,34.0,female,3.0,2.0,5.0,3.0,2.0,97000.0,3.0,1.0,1.0,0.0,1.0,3.0,1.0,0
87,48.0,male,75.0,2.0,2.0,3.0,5.0,277000.0,3.0,0.0,1.0,0.0,1.0,74.0,0.0,0
88,49.0,other,23.0,2.0,4.0,3.0,2.0,84000.0,2.0,1.0,1.0,0.0,0.0,22.0,1.0,0
89,29.0,male,94.0,1.0,2.0,3.0,4.0,164000.0,2.0,0.0,0.0,0.0,0.0,94.0,0.0,1
90,23.0,male,92.0,2.0,2.0,3.0,1.0,55000.0,1.0,0.0,0.0,0.0,0.0,91.0,0.0,1
91,39.0,other,41.0,2.0,3.0,3.0,2.0,95000.0,1.0,0.0,1.0,0.0,0.0,41.0,0.0,0
92,29.0,female,77.0,1.0,2.0,3.0,5.0,397000.0,3.0,0.0,1.0,0.0,0.0,77.0,0.0,0
93,38.0,female,21.0,1.0,4.0,3.0,2.0,95000.0,1.0,1.0,1.0,0.0,1.0,21.0,1.0,0
94,52.0,male,36.0,3.0,4.0,3.0,3.0,115000.0,3.0,0.0,1.0,0.0,1.0,35.0,0.0,0
95,38.0,female,117.0,1.0,1.0,3.0,3.0,127000.0,3.0,0.0,0.0,0.0,1.0,117.0,0.0,1
96,52.0,other,37.0,0.0,3.0,3.0,1.0,45000.0,1.0,0.0,1.0,0.0,0.0,37.0,0.0,0
97,26.0,female,62.0,3.0,3.0,3.0,4.0,243000.0,3.0,0.0,1.0,0.0,1.0,62.0,0.0,0
98,44.0,female,47.0,0.0,3.0,3.0,1.0,35000.0,1.0,0.0,1.0,0.0,0.0,47.0,0.0,0
99,32.0,other,58.0,0.0,3.0,3.0,2.0,89000.0,1.0,0.0,1.0,0.0,0.0,58.0,0.0,0
100,33.0,other,114.0,1.0,1.0,3.0,3.0,135000.0,1.0,0.0,0.0,0.0,0.0,114.0,0.0,1
101,54.0,female,107.0,3.0,1.0,3.0,3.0,148000.0,2.0,0.0,0.0,0.0,1.0,106.0,0.0,1
102,53.0,other,6.0,3.0,5.0,3.0,4.0,217000.0,3.0,1.0,1.0,0.0,0.0,6.0,1.0,0
103,41.0,male,64.0,3.0,3.0,3.0,5.0,397000.0,3.0,0.0,1.0,0.0,0.0,64.0,0.0,0
104,55.0,male,33.0,2.0,4.0,3.0,1.0,39000.0,1.0,0.0,1.0,0.0,0.0,33.0,0.0,0
105,31.0,female,34.0,3.0,4.0,3.0,4.0,213000.0,3.0,0.0,1.0,0.0,0.0,33.0,0.0,0
107,25.0,other,69.0,0.0,3.0,3.0,1.0,76000.0,2.0,0.0,1.0,0.0,0.0,69.0,0.0,0
106,41.0,female,8.0,1.0,5.0,3.0,1.0,35000.0,1.0,1.0,1.0,0.0,0.0,7.0,1.0,0
108,38.0,male,52.0,1.0,3.0,3.0,5.0,277000.0,3.0,0.0,1.0,0.0,0.0,51.0,0.0,0
109,26.0,other,27.0,2.0,4.0,3.0,4.0,183000.0,3.0,1.0,1.0,0.0,0.0,27.0,1.0,0
110,38.0,other,51.0,1.0,3.0,3.0,3.0,139000.0,1.0,0.0,1.0,0.0,0.0,51.0,0.0,0
111,36.0,male,57.0,2.0,3.0,3.0,3.0,115000.0,3.0,0.0,1.0,0.0,0.0,56.0,0.0,0
113,37.0,other,41.0,0.0,3.0,3.0,1.0,39000.0,1.0,0.0,1.0,0.0,1.0,40.0,0.0,0
112,46.0,male,113.0,2.0,1.0,3.0,2.0,84000.0,2.0,0.0,0.0,0.0,1.0,113.0,0.0,1
114,54.0,male,119.0,3.0,1.0,3.0,3.0,141000.0,3.0,0.0,0.0,0.0,0.0,118.0,0.0,1
115,35.0,other,2.0,1.0,5.0,3.0,5.0,273000.0,3.0,1.0,1.0,0.0,0.0,1.0,1.0,0
116,43.0,other,103.0,3.0,1.0,3.0,4.0,183000.0,3.0,0.0,0.0,0.0,0.0,102.0,0.0,1
117,52.0,other,115.0,0.0,1.0,3.0,4.0,213000.0,3.0,0.0,0.0,0.0,1.0,115.0,0.0,1
118,24.0,female,22.0,3.0,4.0,3.0,1.0,35000.0,1.0,1.0,1.0,0.0,0.0,22.0,1.0,0
119,33.0,other,107.0,3.0,1.0,3.0,4.0,164000.0,2.0,0.0,0.0,0.0,0.0,107.0,0.0,1
120,34.0,other,98.0,1.0,2.0,3.0,1.0,35000.0,1.0,0.0,0.0,0.0,0.0,98.0,0.0,1
121,39.0,other,58.0,3.0,3.0,3.0,2.0,84000.0,2.0,0.0,1.0,0.0,0.0,58.0,0.0,0
122,40.0,male,62.0,1.0,3.0,3.0,3.0,144000.0,2.0,0.0,1.0,0.0,0.0,62.0,0.0,0
123,51.0,other,72.0,2.0,2.0,3.0,3.0,123000.0,3.0,0.0,1.0,0.0,0.0,72.0,0.0,0
124,40.0,male,88.0,3.0,2.0,3.0,1.0,55000.0,1.0,0.0,1.0,0.0,1.0,87.0,0.0,0
125,25.0,female,13.0,3.0,4.0,3.0,5.0,393000.0,3.0,1.0,1.0,0.0,0.0,12.0,1.0,0
126,31.0,other,44.0,0.0,3.0,3.0,4.0,184000.0,2.0,0.0,1.0,0.0,1.0,43.0,0.0,0
127,20.0,other,99.0,2.0,1.0,3.0,2.0,80000.0,2.0,0.0,0.0,0.0,0.0,99.0,0.0,1
128,49.0,other,16.0,2.0,4.0,3.0,3.0,100000.0,2.0,1.0,1.0,0.0,0.0,15.0,1.0,0
129,22.0,other,30.0,3.0,4.0,3.0,4.0,243000.0,3.0,1.0,1.0,0.0,0.0,29.0,1.0,0
130,39.0,other,101.0,0.0,1.0,3.0,3.0,141000.0,3.0,0.0,0.0,0.0,0.0,101.0,0.0,1
131,22.0,female,3.0,0.0,5.0,3.0,2.0,85000.0,1.0,1.0,1.0,0.0,0.0,2.0,1.0,0
132,27.0,female,82.0,0.0,2.0,3.0,4.0,188000.0,2.0,0.0,1.0,0.0,0.0,82.0,0.0,0
133,36.0,female,21.0,1.0,4.0,3.0,5.0,273000.0,3.0,1.0,1.0,0.0,1.0,21.0,1.0,0
134,39.0,male,50.0,1.0,3.0,3.0,4.0,213000.0,3.0,0.0,1.0,0.0,0.0,50.0,0.0,0
135,34.0,female,69.0,0.0,3.0,3.0,4.0,168000.0,2.0,0.0,1.0,0.0,0.0,69.0,0.0,0
136,23.0,other,26.0,2.0,4.0,3.0,5.0,273000.0,3.0,1.0,1.0,0.0,1.0,26.0,1.0,0
137,42.0,female,109.0,1.0,1.0,3.0,4.0,184000.0,2.0,0.0,0.0,0.0,0.0,109.0,0.0,1
138,33.0,male,93.0,3.0,2.0,3.0,1.0,41000.0,1.0,0.0,0.0,0.0,1.0,92.0,0.0,1
139,53.0,male,8.0,2.0,4.0,3.0,1.0,49000.0,1.0,1.0,1.0,0.0,0.0,8.0,1.0,0
140,49.0,female,12.0,1.0,4.0,3.0,2.0,96000.0,2.0,1.0,1.0,0.0,0.0,11.0,1.0,0
141,51.0,male,110.0,2.0,1.0,3.0,3.0,127000.0,3.0,0.0,0.0,0.0,1.0,110.0,0.0,1
142,51.0,other,60.0,3.0,3.0,3.0,1.0,51000.0,1.0,0.0,1.0,0.0,0.0,59.0,0.0,0
143,36.0,other,105.0,3.0,1.0,3.0,2.0,99000.0,1.0,0.0,0.0,0.0,1.0,104.0,0.0,1
144,33.0,female,113.0,2.0,1.0,3.0,4.0,188000.0,2.0,0.0,0.0,0.0,1.0,113.0,0.0,1
145,25.0,female,55.0,2.0,3.0,3.0,4.0,164000.0,2.0,0.0,1.0,0.0,0.0,55.0,0.0,0
146,23.0,male,34.0,2.0,4.0,3.0,5.0,393000.0,3.0,0.0,1.0,0.0,1.0,34.0,0.0,0
147,55.0,female,50.0,2.0,3.0,3.0,1.0,49000.0,1.0,0.0,1.0,0.0,1.0,49.0,0.0,0
148,23.0,female,119.0,3.0,1.0,3.0,1.0,68000.0,2.0,0.0,0.0,0.0,0.0,119.0,0.0,1
149,33.0,other,94.0,3.0,2.0,3.0,5.0,264000.0,2.0,0.0,0.0,0.0,1.0,93.0,0.0,1
150,24.0,female,82.0,2.0,2.0,3.0,5.0,273000.0,3.0,0.0,1.0,0.0,0.0,81.0,0.0,0
151,20.0,male,67.0,3.0,3.0,3.0,3.0,148000.0,2.0,0.0,1.0,0.0,1.0,66.0,0.0,0
152,41.0,male,89.0,0.0,2.0,3.0,4.0,188000.0,2.0,0.0,1.0,0.0,1.0,89.0,0.0,0
153,25.0,male,97.0,2.0,2.0,3.0,3.0,127000.0,3.0,0.0,0.0,0.0,0.0,97.0,0.0,1
154,46.0,other,6.0,2.0,5.0,3.0,4.0,183000.0,3.0,1.0,1.0,0.0,0.0,5.0,1.0,0
155,54.0,male,57.0,0.0,3.0,3.0,2.0,85000.0,1.0,0.0,1.0,0.0,0.0,57.0,0.0,0
156,47.0,male,16.0,2.0,4.0,3.0,2.0,95000.0,1.0,1.0,1.0,0.0,0.0,16.0,1.0,0
157,38.0,female,5.0,3.0,5.0,3.0,5.0,268000.0,2.0,1.0,1.0,0.0,0.0,5.0,1.0,0
158,37.0,other,113.0,1.0,1.0,3.0,5.0,264000.0,2.0,0.0,0.0,0.0,0.0,113.0,0.0,1
159,30.0,female,95.0,3.0,2.0,3.0,3.0,100000.0,2.0,0.0,0.0,0.0,0.0,95.0,0.0,1
160,20.0,male,78.0,1.0,2.0,3.0,2.0,96000.0,2.0,0.0,1.0,0.0,0.0,78.0,0.0,0
161,34.0,male,9.0,0.0,4.0,3.0,1.0,68000.0,2.0,1.0,1.0,0.0,0.0,9.0,1.0,0
162,20.0,other,43.0,1.0,3.0,3.0,1.0,64000.0,2.0,0.0,1.0,0.0,0.0,43.0,0.0,0
164,49.0,male,45.0,3.0,3.0,3.0,3.0,127000.0,3.0,0.0,1.0,0.0,1.0,44.0,0.0,0
163,39.0,other,57.0,3.0,3.0,3.0,3.0,139000.0,1.0,0.0,1.0,0.0,0.0,57.0,0.0,0
165,39.0,other,1.0,0.0,5.0,3.0,2.0,96000.0,2.0,1.0,1.0,0.0,0.0,1.0,1.0,0
166,35.0,male,111.0,0.0,1.0,3.0,3.0,148000.0,2.0,0.0,0.0,0.0,0.0,111.0,0.0,1
167,23.0,other,12.0,1.0,4.0,3.0,2.0,80000.0,2.0,1.0,1.0,0.0,0.0,12.0,1.0,0
168,32.0,other,79.0,0.0,2.0,3.0,3.0,139000.0,1.0,0.0,1.0,0.0,0.0,79.0,0.0,0
169,25.0,female,31.0,0.0,4.0,3.0,2.0,99000.0,1.0,1.0,1.0,0.0,1.0,31.0,0.0,0
170,29.0,male,36.0,1.0,4.0,3.0,3.0,100000.0,2.0,0.0,1.0,0.0,0.0,35.0,0.0,0
171,50.0,other,37.0,0.0,4.0,3.0,1.0,75000.0,1.0,0.0,1.0,0.0,0.0,36.0,0.0,0
172,33.0,female,34.0,1.0,4.0,3.0,1.0,76000.0,2.0,0.0,1.0,0.0,0.0,34.0,0.0,0
173,36.0,male,15.0,1.0,4.0,3.0,1.0,45000.0,1.0,1.0,1.0,0.0,1.0,14.0,1.0,0
174,26.0,female,76.0,3.0,2.0,3.0,2.0,88000.0,2.0,0.0,1.0,0.0,0.0,76.0,0.0,0
175,20.0,other,55.0,3.0,3.0,3.0,2.0,99000.0,1.0,0.0,1.0,0.0,0.0,54.0,0.0,0
176,22.0,female,102.0,1.0,1.0,3.0,1.0,51000.0,1.0,0.0,0.0,0.0,0.0,102.0,0.0,1
177,40.0,other,55.0,0.0,3.0,3.0,2.0,85000.0,1.0,0.0,1.0,0.0,0.0,55.0,0.0,0
179,50.0,male,101.0,0.0,1.0,3.0,2.0,88000.0,2.0,0.0,0.0,0.0,1.0,100.0,0.0,1
178,45.0,male,17.0,3.0,4.0,3.0,3.0,115000.0,3.0,1.0,1.0,0.0,1.0,17.0,1.0,0
180,26.0,other,9.0,2.0,4.0,3.0,3.0,128000.0,2.0,1.0,1.0,0.0,0.0,9.0,1.0,0
181,44.0,male,6.0,1.0,5.0,3.0,3.0,144000.0,2.0,1.0,1.0,0.0,0.0,5.0,1.0,0
182,43.0,other,71.0,2.0,2.0,3.0,1.0,64000.0,2.0,0.0,1.0,0.0,1.0,70.0,0.0,0
183,35.0,female,109.0,2.0,1.0,3.0,3.0,111000.0,3.0,0.0,0.0,0.0,0.0,109.0,0.0,1
184,47.0,female,95.0,1.0,2.0,3.0,1.0,41000.0,1.0,0.0,0.0,0.0,0.0,94.0,0.0,1
185,42.0,male,74.0,2.0,2.0,3.0,2.0,79000.0,1.0,0.0,1.0,0.0,0.0,73.0,0.0,0
186,38.0,other,103.0,2.0,1.0,3.0,5.0,268000.0,2.0,0.0,0.0,0.0,1.0,102.0,0.0,1
187,19.0,other,47.0,1.0,3.0,3.0,3.0,141000.0,3.0,0.0,1.0,0.0,0.0,47.0,0.0,0
188,26.0,male,104.0,0.0,1.0,3.0,1.0,35000.0,1.0,0.0,0.0,0.0,0.0,104.0,0.0,1
189,36.0,female,61.0,0.0,3.0,3.0,5.0,277000.0,3.0,0.0,1.0,0.0,1.0,61.0,0.0,0
190,50.0,male,81.0,2.0,2.0,3.0,5.0,277000.0,3.0,0.0,1.0,0.0,0.0,81.0,0.0,0
191,46.0,male,7.0,2.0,5.0,3.0,2.0,99000.0,1.0,1.0,1.0,0.0,0.0,7.0,1.0,0
192,55.0,other,54.0,2.0,3.0,3.0,1.0,55000.0,1.0,0.0,1.0,0.0,0.0,53.0,0.0,0
193,52.0,other,79.0,3.0,2.0,3.0,1.0,55000.0,1.0,0.0,1.0,0.0,0.0,79.0,0.0,0
194,43.0,male,111.0,2.0,1.0,3.0,3.0,127000.0,3.0,0.0,0.0,0.0,0.0,110.0,0.0,1
195,38.0,male,79.0,1.0,2.0,3.0,1.0,39000.0,1.0,0.0,1.0,0.0,1.0,79.0,0.0,0
196,38.0,other,115.0,1.0,1.0,3.0,3.0,115000.0,3.0,0.0,0.0,0.0,0.0,114.0,0.0,1
197,42.0,male,14.0,0.0,4.0,3.0,4.0,217000.0,3.0,1.0,1.0,0.0,0.0,14.0,1.0,0
198,39.0,male,103.0,2.0,1.0,3.0,2.0,99000.0,1.0,0.0,0.0,0.0,0.0,103.0,0.0,1
199,54.0,male,53.0,0.0,3.0,3.0,5.0,264000.0,2.0,0.0,1.0,0.0,0.0,53.0,0.0,0
200,24.0,male,76.0,2.0,2.0,3.0,3.0,115000.0,3.0,0.0,1.0,0.0,0.0,75.0,0.0,0
201,28.0,other,119.0,0.0,1.0,3.0,4.0,187000.0,3.0,0.0,0.0,0.0,0.0,119.0,0.0,1
203,23.0,other,83.0,2.0,2.0,3.0,4.0,213000.0,3.0,0.0,1.0,0.0,0.0,82.0,0.0,0
202,21.0,other,99.0,3.0,2.0,3.0,2.0,95000.0,1.0,0.0,0.0,0.0,0.0,98.0,0.0,1
204,52.0,other,42.0,0.0,3.0,3.0,3.0,141000.0,3.0,0.0,1.0,0.0,1.0,41.0,0.0,0
205,36.0,other,10.0,2.0,4.0,3.0,1.0,39000.0,1.0,1.0,1.0,0.0,0.0,9.0,1.0,0
206,28.0,female,96.0,3.0,2.0,3.0,2.0,97000.0,3.0,0.0,0.0,0.0,0.0,96.0,0.0,1
207,46.0,male,7.0,3.0,5.0,3.0,2.0,95000.0,1.0,1.0,1.0,0.0,0.0,6.0,1.0,0
208,29.0,male,115.0,0.0,1.0,3.0,3.0,127000.0,3.0,0.0,0.0,0.0,0.0,115.0,0.0,1
209,32.0,male,7.0,0.0,5.0,3.0,4.0,243000.0,3.0,1.0,1.0,0.0,1.0,6.0,1.0,0
210,42.0,male,44.0,3.0,3.0,3.0,1.0,45000.0,1.0,0.0,1.0,0.0,0.0,44.0,0.0,0
212,53.0,female,115.0,0.0,1.0,3.0,4.0,183000.0,3.0,0.0,0.0,0.0,0.0,115.0,0.0,1
211,26.0,female,89.0,2.0,2.0,3.0,2.0,85000.0,1.0,0.0,1.0,0.0,0.0,89.0,0.0,0
213,25.0,female,21.0,3.0,4.0,3.0,4.0,243000.0,3.0,1.0,1.0,0.0,0.0,21.0,1.0,0
214,40.0,other,87.0,1.0,2.0,3.0,3.0,127000.0,3.0,0.0,1.0,0.0,1.0,86.0,0.0,0
215,46.0,female,3.0,1.0,5.0,3.0,5.0,277000.0,3.0,1.0,1.0,0.0,0.0,3.0,1.0,0
216,20.0,other,42.0,1.0,3.0,3.0,3.0,139000.0,1.0,0.0,1.0,0.0,1.0,41.0,0.0,0
217,26.0,female,78.0,1.0,2.0,3.0,4.0,168000.0,2.0,0.0,1.0,0.0,0.0,78.0,0.0,0
218,51.0,female,60.0,3.0,3.0,3.0,1.0,65000.0,1.0,0.0,1.0,0.0,0.0,60.0,0.0,0
219,28.0,other,76.0,0.0,2.0,3.0,3.0,135000.0,1.0,0.0,1.0,0.0,0.0,75.0,0.0,0
220,45.0,male,45.0,3.0,3.0,3.0,4.0,188000.0,2.0,0.0,1.0,0.0,0.0,44.0,0.0,0
222,35.0,female,12.0,0.0,4.0,3.0,2.0,88000.0,2.0,1.0,1.0,0.0,0.0,11.0,1.0,0
221,42.0,female,113.0,3.0,1.0,3.0,2.0,96000.0,2.0,0.0,0.0,0.0,1.0,113.0,0.0,1
223,24.0,female,102.0,2.0,1.0,3.0,5.0,277000.0,3.0,0.0,0.0,0.0,0.0,102.0,0.0,1
224,25.0,male,102.0,1.0,1.0,3.0,4.0,183000.0,3.0,0.0,0.0,0.0,0.0,102.0,0.0,1
225,35.0,other,83.0,1.0,2.0,3.0,3.0,111000.0,3.0,0.0,1.0,0.0,0.0,83.0,0.0,0
226,43.0,male,95.0,2.0,2.0,3.0,4.0,184000.0,2.0,0.0,0.0,0.0,0.0,95.0,0.0,1
227,41.0,female,56.0,2.0,3.0,3.0,3.0,127000.0,3.0,0.0,1.0,0.0,1.0,56.0,0.0,0
229,35.0,other,98.0,0.0,2.0,3.0,2.0,85000.0,1.0,0.0,0.0,0.0,1.0,97.0,0.0,1
228,50.0,female,82.0,3.0,2.0,3.0,1.0,64000.0,2.0,0.0,1.0,0.0,0.0,81.0,0.0,0
230,34.0,female,113.0,2.0,1.0,3.0,3.0,139000.0,1.0,0.0,0.0,0.0,0.0,112.0,0.0,1
231,29.0,male,112.0,1.0,1.0,3.0,2.0,95000.0,1.0,0.0,0.0,0.0,0.0,112.0,0.0,1
232,52.0,other,120.0,1.0,1.0,3.0,3.0,128000.0,2.0,0.0,0.0,0.0,0.0,120.0,0.0,1
233,43.0,male,16.0,3.0,4.0,3.0,5.0,247000.0,3.0,1.0,1.0,0.0,0.0,16.0,1.0,0
234,27.0,other,72.0,3.0,2.0,3.0,5.0,273000.0,3.0,0.0,1.0,0.0,0.0,72.0,0.0,0
236,49.0,male,25.0,0.0,4.0,3.0,1.0,65000.0,1.0,1.0,1.0,0.0,0.0,25.0,1.0,0
235,34.0,male,10.0,2.0,4.0,3.0,5.0,277000.0,3.0,1.0,1.0,0.0,0.0,10.0,1.0,0
237,54.0,female,108.0,0.0,1.0,3.0,3.0,141000.0,3.0,0.0,0.0,0.0,0.0,108.0,0.0,1
238,35.0,female,82.0,2.0,2.0,3.0,4.0,243000.0,3.0,0.0,1.0,0.0,0.0,81.0,0.0,0
239,40.0,female,10.0,3.0,4.0,3.0,5.0,397000.0,3.0,1.0,1.0,0.0,0.0,10.0,1.0,0
240,45.0,other,45.0,3.0,3.0,3.0,4.0,184000.0,2.0,0.0,1.0,0.0,0.0,44.0,0.0,0
241,23.0,male,54.0,0.0,3.0,3.0,4.0,184000.0,2.0,0.0,1.0,0.0,1.0,54.0,0.0,0
242,20.0,other,74.0,3.0,2.0,3.0,2.0,88000.0,2.0,0.0,1.0,0.0,0.0,73.0,0.0,0
243,41.0,female,76.0,3.0,2.0,3.0,2.0,79000.0,1.0,0.0,1.0,0.0,1.0,75.0,0.0,0
244,53.0,female,20.0,1.0,4.0,3.0,3.0,124000.0,2.0,1.0,1.0,0.0,0.0,20.0,1.0,0
245,29.0,male,30.0,0.0,4.0,3.0,2.0,89000.0,1.0,1.0,1.0,0.0,0.0,30.0,1.0,0
246,23.0,male,90.0,1.0,2.0,3.0,4.0,183000.0,3.0,0.0,1.0,0.0,0.0,90.0,0.0,0
247,36.0,other,85.0,0.0,2.0,3.0,5.0,273000.0,3.0,0.0,1.0,0.0,1.0,85.0,0.0,0
248,24.0,male,93.0,2.0,2.0,3.0,5.0,277000.0,3.0,0.0,0.0,0.0,1.0,93.0,0.0,1
249,28.0,female,9.0,3.0,4.0,3.0,3.0,123000.0,3.0,1.0,1.0,0.0,0.0,8.0,1.0,0
250,25.0,female,22.0,3.0,4.0,3.0,1.0,39000.0,1.0,1.0,1.0,0.0,0.0,21.0,1.0,0
252,49.0,other,112.0,0.0,1.0,3.0,1.0,49000.0,1.0,0.0,0.0,0.0,0.0,112.0,0.0,1
253,28.0,other,97.0,2.0,2.0,3.0,4.0,243000.0,3.0,0.0,0.0,0.0,0.0,96.0,0.0,1
251,34.0,other,83.0,3.0,2.0,3.0,4.0,168000.0,2.0,0.0,1.0,0.0,1.0,83.0,0.0,0
254,22.0,male,80.0,3.0,2.0,3.0,2.0,84000.0,2.0,0.0,1.0,0.0,0.0,79.0,0.0,0
255,27.0,other,112.0,1.0,1.0,3.0,2.0,84000.0,2.0,0.0,0.0,0.0,0.0,111.0,0.0,1
256,44.0,male,27.0,0.0,4.0,3.0,2.0,80000.0,2.0,1.0,1.0,0.0,0.0,27.0,1.0,0
257,21.0,other,118.0,2.0,1.0,3.0,5.0,273000.0,3.0,0.0,0.0,0.0,1.0,117.0,0.0,1
258,38.0,female,38.0,3.0,3.0,3.0,3.0,148000.0,2.0,0.0,1.0,0.0,0.0,38.0,0.0,0
259,45.0,female,61.0,1.0,3.0,3.0,3.0,123000.0,3.0,0.0,1.0,0.0,0.0,61.0,0.0,0
260,20.0,male,87.0,3.0,2.0,3.0,2.0,93000.0,3.0,0.0,1.0,0.0,1.0,87.0,0.0,0
261,40.0,female,32.0,3.0,4.0,3.0,3.0,148000.0,2.0,0.0,1.0,0.0,0.0,31.0,0.0,0
263,25.0,female,111.0,1.0,1.0,3.0,1.0,75000.0,1.0,0.0,0.0,0.0,0.0,110.0,0.0,1
262,32.0,other,92.0,1.0,2.0,3.0,2.0,80000.0,2.0,0.0,0.0,0.0,0.0,91.0,0.0,1
264,33.0,female,32.0,3.0,4.0,3.0,1.0,76000.0,2.0,0.0,1.0,0.0,1.0,32.0,0.0,0
265,54.0,other,114.0,1.0,1.0,3.0,2.0,96000.0,2.0,0.0,0.0,0.0,0.0,114.0,0.0,1
266,20.0,other,102.0,1.0,1.0,3.0,5.0,397000.0,3.0,0.0,0.0,0.0,1.0,101.0,0.0,1
267,40.0,female,27.0,3.0,4.0,3.0,5.0,273000.0,3.0,1.0,1.0,0.0,1.0,26.0,1.0,0
268,23.0,other,51.0,1.0,3.0,3.0,1.0,35000.0,1.0,0.0,1.0,0.0,0.0,51.0,0.0,0
269,21.0,other,103.0,3.0,1.0,3.0,4.0,243000.0,3.0,0.0,0.0,0.0,1.0,103.0,0.0,1
270,47.0,other,91.0,2.0,2.0,3.0,5.0,247000.0,3.0,0.0,0.0,0.0,0.0,91.0,0.0,1
271,26.0,other,97.0,0.0,2.0,3.0,3.0,111000.0,3.0,0.0,0.0,0.0,1.0,97.0,0.0,1
272,47.0,male,110.0,0.0,1.0,3.0,5.0,273000.0,3.0,0.0,0.0,0.0,0.0,109.0,0.0,1
273,41.0,male,70.0,2.0,3.0,3.0,1.0,49000.0,1.0,0.0,1.0,0.0,0.0,70.0,0.0,0
274,53.0,other,68.0,1.0,3.0,3.0,3.0,115000.0,3.0,0.0,1.0,0.0,0.0,67.0,0.0,0
275,24.0,other,50.0,1.0,3.0,3.0,4.0,213000.0,3.0,0.0,1.0,0.0,0.0,50.0,0.0,0
276,27.0,other,37.0,3.0,3.0,3.0,5.0,277000.0,3.0,0.0,1.0,0.0,1.0,37.0,0.0,0
277,30.0,male,31.0,2.0,4.0,3.0,1.0,45000.0,1.0,1.0,1.0,0.0,1.0,30.0,1.0,0
278,21.0,male,38.0,1.0,3.0,3.0,1.0,41000.0,1.0,0.0,1.0,0.0,0.0,38.0,0.0,0
279,31.0,male,93.0,0.0,2.0,3.0,1.0,68000.0,2.0,0.0,0.0,0.0,0.0,93.0,0.0,1
280,51.0,female,79.0,1.0,2.0,3.0,2.0,95000.0,1.0,0.0,1.0,0.0,0.0,78.0,0.0,0
281,29.0,female,45.0,0.0,3.0,3.0,2.0,89000.0,1.0,0.0,1.0,0.0,0.0,45.0,0.0,0
282,37.0,female,21.0,3.0,4.0,3.0,4.0,188000.0,2.0,1.0,1.0,0.0,0.0,21.0,1.0,0
283,48.0,male,91.0,0.0,2.0,3.0,2.0,89000.0,1.0,0.0,0.0,0.0,0.0,91.0,0.0,1
284,41.0,female,73.0,3.0,2.0,3.0,2.0,96000.0,2.0,0.0,1.0,0.0,1.0,72.0,0.0,0
285,53.0,male,87.0,1.0,2.0,3.0,2.0,96000.0,2.0,0.0,1.0,0.0,0.0,86.0,0.0,0
286,49.0,male,19.0,0.0,4.0,3.0,5.0,397000.0,3.0,1.0,1.0,0.0,1.0,19.0,1.0,0
287,30.0,male,115.0,2.0,1.0,3.0,2.0,95000.0,1.0,0.0,0.0,0.0,1.0,114.0,0.0,1
289,28.0,male,7.0,1.0,5.0,3.0,2.0,99000.0,1.0,1.0,1.0,0.0,0.0,7.0,1.0,0
288,40.0,female,94.0,3.0,2.0,3.0,5.0,247000.0,3.0,0.0,0.0,0.0,1.0,94.0,0.0,1
290,44.0,female,71.0,2.0,2.0,3.0,2.0,99000.0,1.0,0.0,1.0,0.0,0.0,71.0,0.0,0
291,29.0,male,81.0,2.0,2.0,3.0,4.0,188000.0,2.0,0.0,1.0,0.0,0.0,81.0,0.0,0
292,54.0,other,43.0,2.0,3.0,3.0,5.0,277000.0,3.0,0.0,1.0,0.0,1.0,43.0,0.0,0
293,51.0,male,73.0,0.0,2.0,3.0,2.0,88000.0,2.0,0.0,1.0,0.0,1.0,73.0,0.0,0
294,33.0,male,84.0,2.0,2.0,3.0,4.0,217000.0,3.0,0.0,1.0,0.0,1.0,84.0,0.0,0
295,52.0,male,8.0,2.0,5.0,3.0,1.0,65000.0,1.0,1.0,1.0,0.0,0.0,7.0,1.0,0
296,25.0,other,103.0,0.0,1.0,3.0,3.0,144000.0,2.0,0.0,0.0,0.0,0.0,103.0,0.0,1
297,37.0,female,61.0,3.0,3.0,3.0,3.0,127000.0,3.0,0.0,1.0,0.0,0.0,60.0,0.0,0
298,47.0,female,96.0,2.0,2.0,3.0,3.0,124000.0,2.0,0.0,0.0,0.0,0.0,96.0,0.0,1
299,22.0,other,91.0,1.0,2.0,3.0,5.0,264000.0,2.0,0.0,0.0,0.0,0.0,91.0,0.0,1
300,43.0,male,36.0,0.0,4.0,3.0,3.0,141000.0,3.0,0.0,1.0,0.0,0.0,35.0,0.0,0
301,46.0,male,86.0,2.0,2.0,3.0,5.0,393000.0,3.0,0.0,1.0,0.0,1.0,86.0,0.0,0
303,41.0,male,80.0,1.0,2.0,3.0,3.0,100000.0,2.0,0.0,1.0,0.0,0.0,80.0,0.0,0
302,46.0,other,23.0,3.0,4.0,3.0,3.0,123000.0,3.0,1.0,1.0,0.0,0.0,23.0,1.0,0
304,55.0,female,64.0,1.0,3.0,3.0,3.0,100000.0,2.0,0.0,1.0,0.0,1.0,63.0,0.0,0
305,51.0,other,8.0,3.0,5.0,3.0,2.0,88000.0,2.0,1.0,1.0,0.0,0.0,7.0,1.0,0
306,40.0,female,7.0,2.0,5.0,3.0,2.0,96000.0,2.0,1.0,1.0,0.0,0.0,7.0,1.0,0
307,37.0,other,94.0,0.0,2.0,3.0,3.0,115000.0,3.0,0.0,0.0,0.0,0.0,94.0,0.0,1
308,21.0,other,5.0,2.0,5.0,3.0,2.0,99000.0,1.0,1.0,1.0,0.0,0.0,4.0,1.0,0
309,28.0,other,20.0,1.0,4.0,3.0,5.0,273000.0,3.0,1.0,1.0,0.0,1.0,19.0,1.0,0
310,37.0,male,102.0,1.0,1.0,3.0,2.0,95000.0,1.0,0.0,0.0,0.0,0.0,101.0,0.0,1
311,40.0,other,70.0,2.0,2.0,3.0,1.0,64000.0,2.0,0.0,1.0,0.0,1.0,70.0,0.0,0
312,28.0,female,95.0,3.0,2.0,3.0,2.0,96000.0,2.0,0.0,0.0,0.0,0.0,95.0,0.0,1
313,28.0,male,46.0,2.0,3.0,3.0,1.0,45000.0,1.0,0.0,1.0,0.0,0.0,45.0,0.0,0
314,42.0,male,100.0,0.0,1.0,3.0,2.0,85000.0,1.0,0.0,0.0,0.0,0.0,99.0,0.0,1
315,32.0,male,107.0,0.0,1.0,3.0,1.0,41000.0,1.0,0.0,0.0,0.0,0.0,107.0,0.0,1
317,48.0,male,23.0,2.0,4.0,3.0,1.0,49000.0,1.0,1.0,1.0,0.0,1.0,22.0,1.0,0
316,48.0,other,105.0,3.0,1.0,3.0,3.0,145000.0,3.0,0.0,0.0,0.0,1.0,104.0,0.0,1
318,44.0,female,93.0,1.0,2.0,3.0,3.0,123000.0,3.0,0.0,0.0,0.0,0.0,93.0,0.0,1
319,40.0,other,95.0,1.0,2.0,3.0,5.0,277000.0,3.0,0.0,0.0,0.0,0.0,94.0,0.0,1
320,22.0,male,3.0,1.0,5.0,3.0,2.0,85000.0,1.0,1.0,1.0,0.0,1.0,2.0,1.0,0
321,49.0,other,33.0,2.0,4.0,3.0,4.0,184000.0,2.0,0.0,1.0,0.0,1.0,33.0,0.0,0
322,30.0,female,101.0,0.0,1.0,3.0,5.0,268000.0,2.0,0.0,0.0,0.0,0.0,101.0,0.0,1
323,54.0,female,97.0,2.0,2.0,3.0,4.0,164000.0,2.0,0.0,0.0,0.0,0.0,97.0,0.0,1
324,39.0,female,101.0,3.0,1.0,3.0,1.0,69000.0,1.0,0.0,0.0,0.0,0.0,101.0,0.0,1
325,54.0,male,27.0,3.0,4.0,3.0,2.0,97000.0,3.0,1.0,1.0,0.0,0.0,27.0,1.0,0
326,31.0,female,4.0,3.0,5.0,3.0,3.0,141000.0,3.0,1.0,1.0,0.0,0.0,4.0,1.0,0
327,27.0,female,102.0,2.0,1.0,3.0,2.0,97000.0,3.0,0.0,0.0,0.0,0.0,101.0,0.0,1
328,41.0,male,2.0,3.0,5.0,3.0,4.0,184000.0,2.0,1.0,1.0,0.0,0.0,2.0,1.0,0
329,49.0,female,10.0,2.0,4.0,3.0,3.0,124000.0,2.0,1.0,1.0,0.0,0.0,10.0,1.0,0
330,46.0,female,46.0,0.0,3.0,3.0,1.0,65000.0,1.0,0.0,1.0,0.0,0.0,46.0,0.0,0
332,51.0,male,3.0,2.0,5.0,3.0,4.0,164000.0,2.0,1.0,1.0,0.0,0.0,3.0,1.0,0
331,26.0,other,76.0,3.0,2.0,3.0,3.0,148000.0,2.0,0.0,1.0,0.0,0.0,76.0,0.0,0
333,34.0,male,26.0,0.0,4.0,3.0,1.0,41000.0,1.0,1.0,1.0,0.0,0.0,25.0,1.0,0
334,29.0,other,46.0,2.0,3.0,3.0,2.0,85000.0,1.0,0.0,1.0,0.0,1.0,45.0,0.0,0
335,21.0,male,105.0,0.0,1.0,3.0,2.0,93000.0,3.0,0.0,0.0,0.0,0.0,105.0,0.0,1
336,44.0,male,9.0,0.0,4.0,3.0,3.0,145000.0,3.0,1.0,1.0,0.0,0.0,8.0,1.0,0
337,41.0,other,58.0,0.0,3.0,3.0,2.0,80000.0,2.0,0.0,1.0,0.0,1.0,58.0,0.0,0
340,47.0,male,49.0,2.0,3.0,3.0,1.0,76000.0,2.0,0.0,1.0,0.0,0.0,49.0,0.0,0
339,50.0,female,9.0,1.0,4.0,3.0,5.0,247000.0,3.0,1.0,1.0,0.0,0.0,8.0,1.0,0
338,29.0,other,44.0,3.0,3.0,3.0,1.0,55000.0,1.0,0.0,1.0,0.0,0.0,44.0,0.0,0
341,52.0,male,13.0,0.0,4.0,3.0,3.0,145000.0,3.0,1.0,1.0,0.0,0.0,12.0,1.0,0
342,21.0,female,47.0,2.0,3.0,3.0,3.0,100000.0,2.0,0.0,1.0,0.0,1.0,46.0,0.0,0
343,35.0,female,15.0,3.0,4.0,3.0,5.0,247000.0,3.0,1.0,1.0,0.0,0.0,15.0,1.0,0
345,34.0,female,48.0,0.0,3.0,3.0,4.0,187000.0,3.0,0.0,1.0,0.0,0.0,47.0,0.0,0
344,53.0,other,110.0,3.0,1.0,3.0,3.0,148000.0,2.0,0.0,0.0,0.0,0.0,109.0,0.0,1
346,48.0,other,103.0,2.0,1.0,3.0,3.0,100000.0,2.0,0.0,0.0,0.0,0.0,102.0,0.0,1
347,40.0,female,92.0,3.0,2.0,3.0,1.0,45000.0,1.0,0.0,0.0,0.0,0.0,92.0,0.0,1
348,31.0,male,24.0,2.0,4.0,3.0,4.0,168000.0,2.0,1.0,1.0,0.0,0.0,23.0,1.0,0
349,35.0,other,94.0,3.0,2.0,3.0,3.0,135000.0,1.0,0.0,0.0,0.0,0.0,93.0,0.0,1
350,36.0,female,52.0,2.0,3.0,3.0,1.0,41000.0,1.0,0.0,1.0,0.0,0.0,52.0,0.0,0
351,33.0,other,48.0,3.0,3.0,3.0,5.0,397000.0,3.0,0.0,1.0,0.0,0.0,47.0,0.0,0
352,41.0,other,104.0,2.0,1.0,3.0,3.0,144000.0,2.0,0.0,0.0,0.0,0.0,103.0,0.0,1
354,50.0,male,62.0,0.0,3.0,3.0,5.0,273000.0,3.0,0.0,1.0,0.0,0.0,62.0,0.0,0
355,40.0,male,24.0,0.0,4.0,3.0,4.0,243000.0,3.0,1.0,1.0,0.0,1.0,23.0,1.0,0
356,35.0,male,103.0,0.0,1.0,3.0,4.0,184000.0,2.0,0.0,0.0,0.0,1.0,102.0,0.0,1
353,33.0,other,35.0,1.0,4.0,3.0,5.0,277000.0,3.0,0.0,1.0,0.0,0.0,35.0,0.0,0
357,47.0,female,79.0,0.0,2.0,3.0,1.0,55000.0,1.0,0.0,1.0,0.0,0.0,79.0,0.0,0
358,31.0,female,16.0,0.0,4.0,3.0,3.0,115000.0,3.0,1.0,1.0,0.0,1.0,16.0,1.0,0
360,29.0,male,96.0,0.0,2.0,3.0,5.0,273000.0,3.0,0.0,0.0,0.0,0.0,95.0,0.0,1
359,30.0,male,70.0,3.0,3.0,3.0,4.0,184000.0,2.0,0.0,1.0,0.0,1.0,69.0,0.0,0
361,54.0,female,118.0,0.0,1.0,3.0,3.0,144000.0,2.0,0.0,0.0,0.0,1.0,117.0,0.0,1
362,54.0,male,92.0,2.0,2.0,3.0,1.0,65000.0,1.0,0.0,0.0,0.0,0.0,91.0,0.0,1
363,29.0,male,35.0,2.0,4.0,3.0,5.0,277000.0,3.0,0.0,1.0,0.0,1.0,34.0,0.0,0
364,19.0,other,77.0,2.0,2.0,3.0,1.0,76000.0,2.0,0.0,1.0,0.0,0.0,77.0,0.0,0
365,31.0,male,96.0,0.0,2.0,3.0,2.0,95000.0,1.0,0.0,0.0,0.0,0.0,96.0,0.0,1
366,35.0,other,111.0,0.0,1.0,3.0,2.0,99000.0,1.0,0.0,0.0,0.0,0.0,111.0,0.0,1
367,44.0,female,25.0,2.0,4.0,3.0,2.0,95000.0,1.0,1.0,1.0,0.0,1.0,25.0,1.0,0
368,45.0,female,41.0,2.0,3.0,3.0,2.0,80000.0,2.0,0.0,1.0,0.0,1.0,40.0,0.0,0
369,27.0,other,3.0,1.0,5.0,3.0,2.0,84000.0,2.0,1.0,1.0,0.0,0.0,3.0,1.0,0
370,44.0,female,60.0,1.0,3.0,3.0,1.0,75000.0,1.0,0.0,1.0,0.0,1.0,59.0,0.0,0
371,31.0,other,119.0,0.0,1.0,3.0,2.0,89000.0,1.0,0.0,0.0,0.0,0.0,118.0,0.0,1
372,33.0,male,106.0,1.0,1.0,3.0,3.0,128000.0,2.0,0.0,0.0,0.0,0.0,106.0,0.0,1
373,32.0,male,85.0,2.0,2.0,3.0,3.0,127000.0,3.0,0.0,1.0,0.0,1.0,85.0,0.0,0
374,32.0,other,100.0,0.0,1.0,3.0,1.0,49000.0,1.0,0.0,0.0,0.0,1.0,100.0,0.0,1
375,31.0,other,47.0,1.0,3.0,3.0,1.0,64000.0,2.0,0.0,1.0,0.0,0.0,47.0,0.0,0
376,28.0,other,22.0,2.0,4.0,3.0,4.0,168000.0,2.0,1.0,1.0,0.0,0.0,22.0,1.0,0
377,55.0,other,85.0,1.0,2.0,3.0,2.0,93000.0,3.0,0.0,1.0,0.0,0.0,84.0,0.0,0
378,40.0,female,59.0,0.0,3.0,3.0,5.0,277000.0,3.0,0.0,1.0,0.0,1.0,59.0,0.0,0
379,53.0,other,38.0,2.0,3.0,3.0,4.0,213000.0,3.0,0.0,1.0,0.0,0.0,37.0,0.0,0
380,51.0,male,46.0,2.0,3.0,3.0,3.0,124000.0,2.0,0.0,1.0,0.0,0.0,46.0,0.0,0
381,34.0,other,69.0,1.0,3.0,3.0,2.0,80000.0,2.0,0.0,1.0,0.0,1.0,68.0,0.0,0
382,49.0,female,86.0,2.0,2.0,3.0,2.0,89000.0,1.0,0.0,1.0,0.0,0.0,86.0,0.0,0
383,28.0,male,69.0,2.0,3.0,3.0,3.0,115000.0,3.0,0.0,1.0,0.0,0.0,69.0,0.0,0
384,33.0,male,25.0,3.0,4.0,3.0,5.0,397000.0,3.0,1.0,1.0,0.0,0.0,25.0,1.0,0
385,32.0,other,15.0,0.0,4.0,3.0,1.0,64000.0,2.0,1.0,1.0,0.0,1.0,15.0,1.0,0
386,35.0,female,50.0,2.0,3.0,3.0,4.0,188000.0,2.0,0.0,1.0,0.0,0.0,50.0,0.0,0
387,30.0,male,61.0,3.0,3.0,3.0,4.0,188000.0,2.0,0.0,1.0,0.0,1.0,61.0,0.0,0
388,21.0,male,4.0,1.0,5.0,3.0,4.0,188000.0,2.0,1.0,1.0,0.0,0.0,4.0,1.0,0
389,23.0,other,91.0,1.0,2.0,3.0,4.0,187000.0,3.0,0.0,0.0,0.0,0.0,91.0,0.0,1
390,46.0,female,48.0,2.0,3.0,3.0,3.0,141000.0,3.0,0.0,1.0,0.0,1.0,48.0,0.0,0
391,33.0,other,47.0,1.0,3.0,3.0,1.0,55000.0,1.0,0.0,1.0,0.0,0.0,47.0,0.0,0
392,45.0,other,6.0,1.0,5.0,3.0,3.0,123000.0,3.0,1.0,1.0,0.0,0.0,5.0,1.0,0
393,23.0,other,94.0,1.0,2.0,3.0,1.0,45000.0,1.0,0.0,0.0,0.0,1.0,94.0,0.0,1
394,44.0,male,23.0,3.0,4.0,3.0,2.0,97000.0,3.0,1.0,1.0,0.0,0.0,22.0,1.0,0
395,36.0,other,91.0,1.0,2.0,3.0,3.0,144000.0,2.0,0.0,0.0,0.0,0.0,91.0,0.0,1
396,26.0,male,95.0,0.0,2.0,3.0,5.0,247000.0,3.0,0.0,0.0,0.0,0.0,95.0,0.0,1
397,34.0,other,37.0,2.0,3.0,3.0,1.0,39000.0,1.0,0.0,1.0,0.0,0.0,37.0,0.0,0
398,43.0,other,114.0,3.0,1.0,3.0,4.0,217000.0,3.0,0.0,0.0,0.0,1.0,114.0,0.0,1
399,48.0,male,13.0,0.0,4.0,3.0,2.0,84000.0,2.0,1.0,1.0,0.0,0.0,13.0,1.0,0
400,27.0,female,106.0,1.0,1.0,3.0,1.0,35000.0,1.0,0.0,0.0,0.0,1.0,105.0,0.0,1
402,21.0,male,19.0,0.0,4.0,3.0,4.0,188000.0,2.0,1.0,1.0,0.0,0.0,19.0,1.0,0
404,34.0,male,72.0,1.0,2.0,3.0,3.0,115000.0,3.0,0.0,1.0,0.0,0.0,72.0,0.0,0
403,23.0,male,37.0,2.0,3.0,3.0,3.0,124000.0,2.0,0.0,1.0,0.0,0.0,37.0,0.0,0
401,32.0,female,33.0,3.0,4.0,3.0,3.0,100000.0,2.0,0.0,1.0,0.0,0.0,33.0,0.0,0
405,22.0,male,51.0,1.0,3.0,3.0,5.0,273000.0,3.0,0.0,1.0,0.0,0.0,51.0,0.0,0
406,34.0,male,110.0,0.0,1.0,3.0,3.0,100000.0,2.0,0.0,0.0,0.0,0.0,110.0,0.0,1
407,21.0,male,96.0,2.0,2.0,3.0,2.0,89000.0,1.0,0.0,0.0,0.0,1.0,96.0,0.0,1
408,49.0,other,5.0,1.0,5.0,3.0,1.0,51000.0,1.0,1.0,1.0,0.0,0.0,4.0,1.0,0
409,49.0,male,54.0,0.0,3.0,3.0,2.0,93000.0,3.0,0.0,1.0,0.0,0.0,53.0,0.0,0
410,43.0,female,29.0,2.0,4.0,3.0,4.0,188000.0,2.0,1.0,1.0,0.0,0.0,29.0,1.0,0
411,23.0,male,7.0,0.0,5.0,3.0,1.0,35000.0,1.0,1.0,1.0,0.0,0.0,6.0,1.0,0
412,41.0,female,116.0,3.0,1.0,3.0,3.0,144000.0,2.0,0.0,0.0,0.0,0.0,116.0,0.0,1
413,25.0,male,74.0,3.0,2.0,3.0,1.0,65000.0,1.0,0.0,1.0,0.0,0.0,74.0,0.0,0
414,33.0,female,72.0,0.0,2.0,3.0,2.0,95000.0,1.0,0.0,1.0,0.0,0.0,72.0,0.0,0
415,38.0,male,55.0,2.0,3.0,3.0,1.0,45000.0,1.0,0.0,1.0,0.0,1.0,54.0,0.0,0
416,21.0,male,34.0,1.0,4.0,3.0,3.0,111000.0,3.0,0.0,1.0,0.0,0.0,34.0,0.0,0
417,27.0,female,120.0,2.0,1.0,3.0,1.0,69000.0,1.0,0.0,0.0,0.0,0.0,119.0,0.0,1
418,21.0,female,5.0,0.0,5.0,3.0,3.0,100000.0,2.0,1.0,1.0,0.0,1.0,4.0,1.0,0
419,32.0,female,85.0,0.0,2.0,3.0,3.0,145000.0,3.0,0.0,1.0,0.0,1.0,85.0,0.0,0
420,22.0,female,69.0,3.0,3.0,3.0,5.0,273000.0,3.0,0.0,1.0,0.0,1.0,68.0,0.0,0
421,37.0,female,121.0,0.0,1.0,3.0,4.0,183000.0,3.0,0.0,0.0,0.0,0.0,120.0,0.0,1
422,22.0,female,111.0,0.0,1.0,3.0,5.0,273000.0,3.0,0.0,0.0,0.0,1.0,111.0,0.0,1
423,25.0,female,24.0,3.0,4.0,3.0,3.0,123000.0,3.0,1.0,1.0,0.0,0.0,24.0,1.0,0
424,42.0,female,38.0,0.0,3.0,3.0,3.0,148000.0,2.0,0.0,1.0,0.0,0.0,38.0,0.0,0
425,45.0,other,80.0,0.0,2.0,3.0,1.0,75000.0,1.0,0.0,1.0,0.0,0.0,79.0,0.0,0
426,34.0,female,21.0,2.0,4.0,3.0,1.0,41000.0,1.0,1.0,1.0,0.0,0.0,21.0,1.0,0
427,24.0,other,77.0,0.0,2.0,3.0,2.0,95000.0,1.0,0.0,1.0,0.0,0.0,76.0,0.0,0
428,22.0,other,72.0,3.0,2.0,3.0,4.0,164000.0,2.0,0.0,1.0,0.0,1.0,71.0,0.0,0
429,31.0,other,20.0,0.0,4.0,3.0,5.0,273000.0,3.0,1.0,1.0,0.0,0.0,19.0,1.0,0
430,25.0,other,32.0,2.0,4.0,3.0,2.0,89000.0,1.0,0.0,1.0,0.0,0.0,32.0,0.0,0
431,21.0,other,120.0,2.0,1.0,3.0,1.0,39000.0,1.0,0.0,0.0,0.0,0.0,119.0,0.0,1
432,32.0,other,1.0,2.0,5.0,3.0,2.0,99000.0,1.0,1.0,1.0,0.0,1.0,1.0,1.0,0
433,45.0,male,64.0,0.0,3.0,3.0,2.0,99000.0,1.0,0.0,1.0,0.0,0.0,63.0,0.0,0
434,40.0,other,8.0,2.0,5.0,3.0,3.0,135000.0,1.0,1.0,1.0,0.0,1.0,7.0,1.0,0
435,41.0,other,62.0,3.0,3.0,3.0,4.0,168000.0,2.0,0.0,1.0,0.0,1.0,62.0,0.0,0
436,20.0,female,106.0,1.0,1.0,3.0,5.0,277000.0,3.0,0.0,0.0,0.0,0.0,105.0,0.0,1
437,38.0,female,102.0,0.0,1.0,3.0,1.0,41000.0,1.0,0.0,0.0,0.0,1.0,101.0,0.0,1
438,34.0,other,48.0,3.0,3.0,3.0,4.0,188000.0,2.0,0.0,1.0,0.0,1.0,47.0,0.0,0
439,33.0,male,5.0,1.0,5.0,3.0,3.0,123000.0,3.0,1.0,1.0,0.0,1.0,5.0,1.0,0
442,42.0,male,45.0,1.0,3.0,3.0,4.0,213000.0,3.0,0.0,1.0,0.0,1.0,44.0,0.0,0
441,25.0,female,104.0,3.0,1.0,3.0,5.0,264000.0,2.0,0.0,0.0,0.0,0.0,104.0,0.0,1
440,52.0,other,12.0,2.0,4.0,3.0,2.0,97000.0,3.0,1.0,1.0,0.0,1.0,12.0,1.0,0
443,44.0,male,9.0,2.0,4.0,3.0,5.0,247000.0,3.0,1.0,1.0,0.0,0.0,8.0,1.0,0
444,47.0,female,103.0,3.0,1.0,3.0,2.0,99000.0,1.0,0.0,0.0,0.0,1.0,102.0,0.0,1
445,47.0,other,34.0,2.0,4.0,3.0,2.0,97000.0,3.0,0.0,1.0,0.0,1.0,33.0,0.0,0
446,32.0,male,29.0,1.0,4.0,3.0,2.0,84000.0,2.0,1.0,1.0,0.0,0.0,29.0,1.0,0
447,44.0,male,108.0,2.0,1.0,3.0,2.0,85000.0,1.0,0.0,0.0,0.0,0.0,107.0,0.0,1
448,45.0,other,33.0,3.0,4.0,3.0,3.0,135000.0,1.0,0.0,1.0,0.0,0.0,32.0,0.0,0
449,19.0,other,117.0,2.0,1.0,3.0,3.0,141000.0,3.0,0.0,0.0,0.0,0.0,116.0,0.0,1
450,39.0,male,6.0,0.0,5.0,3.0,1.0,49000.0,1.0,1.0,1.0,0.0,1.0,6.0,1.0,0
451,31.0,male,23.0,0.0,4.0,3.0,1.0,55000.0,1.0,1.0,1.0,0.0,1.0,23.0,1.0,0
452,38.0,female,105.0,2.0,1.0,3.0,4.0,164000.0,2.0,0.0,0.0,0.0,0.0,104.0,0.0,1
453,53.0,other,109.0,1.0,1.0,3.0,3.0,148000.0,2.0,0.0,0.0,0.0,0.0,108.0,0.0,1
454,30.0,male,68.0,3.0,3.0,3.0,2.0,89000.0,1.0,0.0,1.0,0.0,0.0,68.0,0.0,0
455,50.0,male,94.0,1.0,2.0,3.0,1.0,45000.0,1.0,0.0,0.0,0.0,0.0,94.0,0.0,1
456,44.0,female,107.0,3.0,1.0,3.0,2.0,79000.0,1.0,0.0,0.0,0.0,0.0,106.0,0.0,1
457,42.0,female,72.0,1.0,2.0,3.0,1.0,41000.0,1.0,0.0,1.0,0.0,0.0,72.0,0.0,0
458,45.0,female,1.0,2.0,5.0,3.0,5.0,264000.0,2.0,1.0,1.0,0.0,0.0,1.0,1.0,0
460,33.0,male,36.0,2.0,4.0,3.0,3.0,100000.0,2.0,0.0,1.0,0.0,0.0,35.0,0.0,0
459,43.0,other,102.0,3.0,1.0,3.0,3.0,148000.0,2.0,0.0,0.0,0.0,0.0,101.0,0.0,1
461,48.0,male,39.0,0.0,3.0,3.0,4.0,187000.0,3.0,0.0,1.0,0.0,0.0,39.0,0.0,0
462,45.0,female,103.0,1.0,1.0,3.0,2.0,88000.0,2.0,0.0,0.0,0.0,0.0,103.0,0.0,1
463,51.0,other,51.0,0.0,3.0,3.0,1.0,51000.0,1.0,0.0,1.0,0.0,0.0,50.0,0.0,0
464,37.0,female,15.0,1.0,4.0,3.0,5.0,273000.0,3.0,1.0,1.0,0.0,1.0,15.0,1.0,0
465,54.0,female,117.0,0.0,1.0,3.0,2.0,80000.0,2.0,0.0,0.0,0.0,1.0,117.0,0.0,1
466,41.0,other,115.0,0.0,1.0,3.0,5.0,268000.0,2.0,0.0,0.0,0.0,0.0,114.0,0.0,1
467,32.0,female,21.0,3.0,4.0,3.0,5.0,273000.0,3.0,1.0,1.0,0.0,0.0,21.0,1.0,0
468,27.0,male,29.0,3.0,4.0,3.0,1.0,64000.0,2.0,1.0,1.0,0.0,0.0,28.0,1.0,0
469,39.0,male,8.0,3.0,5.0,3.0,3.0,111000.0,3.0,1.0,1.0,0.0,0.0,7.0,1.0,0
470,25.0,male,109.0,3.0,1.0,3.0,4.0,184000.0,2.0,0.0,0.0,0.0,1.0,108.0,0.0,1
471,49.0,female,115.0,1.0,1.0,3.0,1.0,35000.0,1.0,0.0,0.0,0.0,1.0,115.0,0.0,1
472,20.0,male,99.0,3.0,2.0,3.0,4.0,184000.0,2.0,0.0,0.0,0.0,1.0,98.0,0.0,1
473,47.0,other,3.0,1.0,5.0,3.0,4.0,187000.0,3.0,1.0,1.0,0.0,0.0,3.0,1.0,0
474,53.0,other,3.0,0.0,5.0,3.0,1.0,64000.0,2.0,1.0,1.0,0.0,0.0,2.0,1.0,0
475,19.0,male,71.0,3.0,2.0,3.0,2.0,93000.0,3.0,0.0,1.0,0.0,0.0,71.0,0.0,0
476,39.0,other,6.0,1.0,5.0,3.0,3.0,148000.0,2.0,1.0,1.0,0.0,0.0,5.0,1.0,0
477,35.0,female,41.0,3.0,3.0,3.0,1.0,76000.0,2.0,0.0,1.0,0.0,1.0,41.0,0.0,0
478,33.0,female,9.0,1.0,4.0,3.0,5.0,397000.0,3.0,1.0,1.0,0.0,0.0,8.0,1.0,0
479,54.0,female,3.0,2.0,5.0,3.0,4.0,183000.0,3.0,1.0,1.0,0.0,0.0,3.0,1.0,0
480,45.0,male,5.0,0.0,5.0,3.0,5.0,277000.0,3.0,1.0,1.0,0.0,1.0,5.0,1.0,0
481,19.0,male,40.0,3.0,3.0,3.0,1.0,76000.0,2.0,0.0,1.0,0.0,0.0,40.0,0.0,0
482,28.0,female,81.0,0.0,2.0,3.0,5.0,273000.0,3.0,0.0,1.0,0.0,0.0,80.0,0.0,0
483,40.0,male,90.0,2.0,2.0,3.0,1.0,35000.0,1.0,0.0,1.0,0.0,0.0,89.0,0.0,0
484,52.0,female,48.0,3.0,3.0,3.0,2.0,96000.0,2.0,0.0,1.0,0.0,1.0,48.0,0.0,0
485,38.0,male,62.0,0.0,3.0,3.0,2.0,99000.0,1.0,0.0,1.0,0.0,0.0,61.0,0.0,0
486,38.0,male,60.0,3.0,3.0,3.0,4.0,184000.0,2.0,0.0,1.0,0.0,0.0,59.0,0.0,0
487,52.0,female,117.0,1.0,1.0,3.0,5.0,397000.0,3.0,0.0,0.0,0.0,0.0,116.0,0.0,1
488,47.0,male,91.0,2.0,2.0,3.0,1.0,45000.0,1.0,0.0,1.0,0.0,0.0,90.0,0.0,0
489,52.0,other,37.0,3.0,4.0,3.0,4.0,184000.0,2.0,0.0,1.0,0.0,0.0,36.0,0.0,0
490,43.0,male,16.0,3.0,4.0,3.0,2.0,99000.0,1.0,1.0,1.0,0.0,0.0,15.0,1.0,0
492,41.0,female,29.0,1.0,4.0,3.0,2.0,93000.0,3.0,1.0,1.0,0.0,0.0,28.0,1.0,0
491,46.0,male,56.0,3.0,3.0,3.0,1.0,65000.0,1.0,0.0,1.0,0.0,0.0,56.0,0.0,0
493,43.0,other,109.0,1.0,1.0,3.0,5.0,277000.0,3.0,0.0,0.0,0.0,1.0,109.0,0.0,1
494,42.0,female,44.0,0.0,3.0,3.0,5.0,393000.0,3.0,0.0,1.0,0.0,0.0,44.0,0.0,0
495,45.0,female,66.0,1.0,3.0,3.0,2.0,79000.0,1.0,0.0,1.0,0.0,0.0,66.0,0.0,0
496,39.0,female,68.0,3.0,3.0,3.0,4.0,243000.0,3.0,0.0,1.0,0.0,0.0,68.0,0.0,0
497,36.0,other,88.0,3.0,2.0,3.0,5.0,393000.0,3.0,0.0,1.0,0.0,0.0,88.0,0.0,0
498,33.0,female,7.0,3.0,5.0,3.0,2.0,95000.0,1.0,1.0,1.0,0.0,0.0,7.0,1.0,0
499,40.0,female,4.0,3.0,5.0,3.0,4.0,184000.0,2.0,1.0,1.0,0.0,1.0,4.0,1.0,0
500,43.0,other,53.0,0.0,3.0,3.0,4.0,243000.0,3.0,0.0,1.0,0.0,1.0,53.0,0.0,0
501,35.0,female,90.0,0.0,2.0,3.0,5.0,273000.0,3.0,0.0,1.0,0.0,1.0,89.0,0.0,0
505,21.0,male,60.0,0.0,3.0,3.0,1.0,39000.0,1.0,0.0,1.0,0.0,0.0,60.0,0.0,0
502,34.0,male,73.0,2.0,2.0,3.0,2.0,96000.0,2.0,0.0,1.0,0.0,1.0,73.0,0.0,0
504,35.0,female,106.0,2.0,1.0,3.0,2.0,95000.0,1.0,0.0,0.0,0.0,0.0,106.0,0.0,1
503,22.0,other,91.0,1.0,2.0,3.0,1.0,45000.0,1.0,0.0,1.0,0.0,1.0,90.0,0.0,0
506,55.0,female,81.0,2.0,2.0,3.0,4.0,187000.0,3.0,0.0,1.0,0.0,1.0,80.0,0.0,0
507,34.0,male,29.0,2.0,4.0,3.0,5.0,268000.0,2.0,1.0,1.0,0.0,0.0,29.0,1.0,0
508,20.0,other,57.0,2.0,3.0,3.0,2.0,80000.0,2.0,0.0,1.0,0.0,0.0,57.0,0.0,0
509,44.0,male,74.0,2.0,2.0,3.0,2.0,99000.0,1.0,0.0,1.0,0.0,1.0,73.0,0.0,0
510,45.0,female,35.0,3.0,4.0,3.0,5.0,393000.0,3.0,0.0,1.0,0.0,0.0,35.0,0.0,0
511,26.0,male,69.0,0.0,3.0,3.0,3.0,141000.0,3.0,0.0,1.0,0.0,0.0,68.0,0.0,0
512,52.0,other,6.0,3.0,5.0,3.0,2.0,89000.0,1.0,1.0,1.0,0.0,0.0,6.0,1.0,0
513,46.0,female,42.0,3.0,3.0,3.0,4.0,213000.0,3.0,0.0,1.0,0.0,0.0,42.0,0.0,0
514,21.0,other,111.0,1.0,1.0,3.0,3.0,145000.0,3.0,0.0,0.0,0.0,0.0,110.0,0.0,1
515,36.0,other,94.0,2.0,2.0,3.0,3.0,141000.0,3.0,0.0,0.0,0.0,1.0,94.0,0.0,1
516,27.0,male,96.0,3.0,2.0,3.0,5.0,273000.0,3.0,0.0,0.0,0.0,0.0,95.0,0.0,1
517,31.0,female,74.0,0.0,2.0,3.0,4.0,188000.0,2.0,0.0,1.0,0.0,1.0,73.0,0.0,0
518,28.0,other,73.0,0.0,2.0,3.0,2.0,85000.0,1.0,0.0,1.0,0.0,0.0,73.0,0.0,0
519,22.0,female,4.0,0.0,5.0,3.0,4.0,213000.0,3.0,1.0,1.0,0.0,0.0,4.0,1.0,0
520,22.0,other,69.0,2.0,3.0,3.0,2.0,79000.0,1.0,0.0,1.0,0.0,1.0,69.0,0.0,0
521,40.0,other,103.0,0.0,1.0,3.0,2.0,99000.0,1.0,0.0,0.0,0.0,0.0,102.0,0.0,1
523,53.0,female,79.0,0.0,2.0,3.0,3.0,124000.0,2.0,0.0,1.0,0.0,0.0,79.0,0.0,0
522,30.0,male,2.0,3.0,5.0,3.0,5.0,268000.0,2.0,1.0,1.0,0.0,0.0,2.0,1.0,0
524,33.0,other,93.0,2.0,2.0,3.0,4.0,168000.0,2.0,0.0,0.0,0.0,0.0,92.0,0.0,1
525,37.0,other,28.0,1.0,4.0,3.0,4.0,243000.0,3.0,1.0,1.0,0.0,0.0,28.0,1.0,0
527,32.0,female,85.0,0.0,2.0,3.0,1.0,55000.0,1.0,0.0,1.0,0.0,0.0,84.0,0.0,0
526,50.0,male,5.0,2.0,5.0,3.0,2.0,80000.0,2.0,1.0,1.0,0.0,1.0,5.0,1.0,0
528,33.0,male,38.0,3.0,3.0,3.0,4.0,188000.0,2.0,0.0,1.0,0.0,0.0,38.0,0.0,0
529,22.0,other,65.0,1.0,3.0,3.0,1.0,65000.0,1.0,0.0,1.0,0.0,1.0,65.0,0.0,0
530,47.0,male,97.0,3.0,2.0,3.0,1.0,41000.0,1.0,0.0,0.0,0.0,1.0,97.0,0.0,1
531,55.0,female,102.0,1.0,1.0,3.0,4.0,188000.0,2.0,0.0,0.0,0.0,0.0,102.0,0.0,1
532,45.0,female,103.0,0.0,1.0,3.0,3.0,139000.0,1.0,0.0,0.0,0.0,1.0,103.0,0.0,1
533,39.0,other,30.0,3.0,4.0,3.0,2.0,79000.0,1.0,1.0,1.0,0.0,1.0,30.0,1.0,0
535,41.0,female,112.0,0.0,1.0,3.0,5.0,393000.0,3.0,0.0,0.0,0.0,0.0,112.0,0.0,1
534,20.0,female,100.0,2.0,1.0,3.0,2.0,95000.0,1.0,0.0,0.0,0.0,0.0,99.0,0.0,1
536,23.0,female,78.0,2.0,2.0,3.0,1.0,39000.0,1.0,0.0,1.0,0.0,0.0,78.0,0.0,0
537,51.0,female,2.0,0.0,5.0,3.0,3.0,111000.0,3.0,1.0,1.0,0.0,0.0,2.0,1.0,0
538,51.0,female,24.0,2.0,4.0,3.0,1.0,55000.0,1.0,1.0,1.0,0.0,0.0,23.0,1.0,0
539,51.0,male,106.0,1.0,1.0,3.0,1.0,35000.0,1.0,0.0,0.0,0.0,0.0,106.0,0.0,1
540,34.0,female,27.0,2.0,4.0,3.0,2.0,96000.0,2.0,1.0,1.0,0.0,0.0,27.0,1.0,0
541,25.0,other,11.0,3.0,4.0,3.0,4.0,188000.0,2.0,1.0,1.0,0.0,0.0,10.0,1.0,0
542,50.0,male,109.0,2.0,1.0,3.0,2.0,80000.0,2.0,0.0,0.0,0.0,0.0,108.0,0.0,1
544,21.0,female,66.0,0.0,3.0,3.0,1.0,69000.0,1.0,0.0,1.0,0.0,0.0,66.0,0.0,0
543,42.0,other,48.0,2.0,3.0,3.0,5.0,277000.0,3.0,0.0,1.0,0.0,1.0,47.0,0.0,0
545,38.0,female,52.0,1.0,3.0,3.0,1.0,69000.0,1.0,0.0,1.0,0.0,0.0,51.0,0.0,0
546,45.0,other,114.0,1.0,1.0,3.0,5.0,264000.0,2.0,0.0,0.0,0.0,0.0,113.0,0.0,1
547,39.0,female,25.0,2.0,4.0,3.0,1.0,65000.0,1.0,1.0,1.0,0.0,0.0,25.0,1.0,0
548,50.0,male,18.0,2.0,4.0,3.0,3.0,141000.0,3.0,1.0,1.0,0.0,0.0,18.0,1.0,0
549,31.0,other,60.0,1.0,3.0,3.0,5.0,277000.0,3.0,0.0,1.0,0.0,0.0,60.0,0.0,0
550,32.0,female,57.0,1.0,3.0,3.0,3.0,141000.0,3.0,0.0,1.0,0.0,0.0,56.0,0.0,0
551,43.0,female,60.0,0.0,3.0,3.0,1.0,69000.0,1.0,0.0,1.0,0.0,0.0,60.0,0.0,0
552,29.0,other,100.0,2.0,1.0,3.0,1.0,55000.0,1.0,0.0,0.0,0.0,1.0,100.0,0.0,1
553,48.0,female,50.0,0.0,3.0,3.0,4.0,217000.0,3.0,0.0,1.0,0.0,0.0,50.0,0.0,0
554,32.0,female,60.0,2.0,3.0,3.0,2.0,88000.0,2.0,0.0,1.0,0.0,0.0,59.0,0.0,0
555,36.0,female,115.0,2.0,1.0,3.0,4.0,168000.0,2.0,0.0,0.0,0.0,0.0,115.0,0.0,1
556,39.0,male,29.0,1.0,4.0,3.0,4.0,184000.0,2.0,1.0,1.0,0.0,0.0,28.0,1.0,0
557,24.0,male,70.0,1.0,3.0,3.0,4.0,213000.0,3.0,0.0,1.0,0.0,0.0,69.0,0.0,0
558,23.0,female,23.0,3.0,4.0,3.0,3.0,141000.0,3.0,1.0,1.0,0.0,0.0,22.0,1.0,0
559,47.0,other,10.0,0.0,4.0,3.0,4.0,164000.0,2.0,1.0,1.0,0.0,0.0,9.0,1.0,0
560,54.0,female,13.0,3.0,4.0,3.0,5.0,397000.0,3.0,1.0,1.0,0.0,0.0,12.0,1.0,0
561,30.0,female,40.0,3.0,3.0,3.0,5.0,273000.0,3.0,0.0,1.0,0.0,0.0,40.0,0.0,0
562,44.0,female,26.0,2.0,4.0,3.0,1.0,65000.0,1.0,1.0,1.0,0.0,0.0,26.0,1.0,0
563,36.0,male,28.0,3.0,4.0,3.0,1.0,35000.0,1.0,1.0,1.0,0.0,1.0,27.0,1.0,0
564,37.0,female,63.0,0.0,3.0,3.0,1.0,45000.0,1.0,0.0,1.0,0.0,0.0,63.0,0.0,0
565,34.0,female,42.0,0.0,3.0,3.0,1.0,64000.0,2.0,0.0,1.0,0.0,1.0,42.0,0.0,0
566,25.0,male,4.0,3.0,5.0,3.0,2.0,99000.0,1.0,1.0,1.0,0.0,1.0,4.0,1.0,0
567,27.0,male,35.0,1.0,4.0,3.0,3.0,148000.0,2.0,0.0,1.0,0.0,1.0,35.0,0.0,0
568,39.0,other,38.0,3.0,3.0,3.0,3.0,111000.0,3.0,0.0,1.0,0.0,0.0,37.0,0.0,0
569,51.0,female,114.0,0.0,1.0,3.0,3.0,111000.0,3.0,0.0,0.0,0.0,1.0,113.0,0.0,1
570,34.0,male,7.0,3.0,5.0,3.0,1.0,65000.0,1.0,1.0,1.0,0.0,1.0,7.0,1.0,0
571,36.0,other,67.0,2.0,3.0,3.0,3.0,115000.0,3.0,0.0,1.0,0.0,0.0,67.0,0.0,0
572,47.0,other,92.0,2.0,2.0,3.0,2.0,84000.0,2.0,0.0,0.0,0.0,0.0,92.0,0.0,1
573,22.0,male,94.0,3.0,2.0,3.0,2.0,85000.0,1.0,0.0,0.0,0.0,0.0,94.0,0.0,1
574,43.0,female,44.0,1.0,3.0,3.0,2.0,97000.0,3.0,0.0,1.0,0.0,0.0,43.0,0.0,0
575,40.0,other,19.0,2.0,4.0,3.0,4.0,213000.0,3.0,1.0,1.0,0.0,1.0,19.0,1.0,0
576,36.0,other,74.0,2.0,2.0,3.0,2.0,89000.0,1.0,0.0,1.0,0.0,0.0,73.0,0.0,0
577,34.0,other,93.0,1.0,2.0,3.0,3.0,139000.0,1.0,0.0,0.0,0.0,0.0,93.0,0.0,1
578,50.0,female,44.0,0.0,3.0,3.0,1.0,75000.0,1.0,0.0,1.0,0.0,1.0,44.0,0.0,0
579,29.0,other,11.0,3.0,4.0,3.0,1.0,41000.0,1.0,1.0,1.0,0.0,0.0,10.0,1.0,0
580,42.0,other,88.0,2.0,2.0,3.0,3.0,141000.0,3.0,0.0,1.0,0.0,0.0,87.0,0.0,0
581,52.0,other,46.0,2.0,3.0,3.0,1.0,69000.0,1.0,0.0,1.0,0.0,0.0,45.0,0.0,0
583,44.0,male,43.0,0.0,3.0,3.0,2.0,79000.0,1.0,0.0,1.0,0.0,0.0,42.0,0.0,0
582,35.0,other,45.0,3.0,3.0,3.0,5.0,273000.0,3.0,0.0,1.0,0.0,1.0,45.0,0.0,0
584,37.0,other,113.0,2.0,1.0,3.0,5.0,277000.0,3.0,0.0,0.0,0.0,1.0,113.0,0.0,1
585,44.0,other,24.0,2.0,4.0,3.0,3.0,123000.0,3.0,1.0,1.0,0.0,0.0,23.0,1.0,0
586,25.0,other,28.0,1.0,4.0,3.0,3.0,124000.0,2.0,1.0,1.0,0.0,1.0,27.0,1.0,0
587,22.0,female,70.0,3.0,2.0,3.0,3.0,124000.0,2.0,0.0,1.0,0.0,0.0,70.0,0.0,0
588,36.0,other,66.0,1.0,3.0,3.0,2.0,99000.0,1.0,0.0,1.0,0.0,0.0,66.0,0.0,0
589,49.0,male,23.0,3.0,4.0,3.0,1.0,64000.0,2.0,1.0,1.0,0.0,1.0,23.0,1.0,0
590,23.0,male,45.0,0.0,3.0,3.0,1.0,76000.0,2.0,0.0,1.0,0.0,0.0,45.0,0.0,0
591,53.0,other,11.0,1.0,4.0,3.0,2.0,85000.0,1.0,1.0,1.0,0.0,0.0,11.0,1.0,0
592,27.0,female,111.0,3.0,1.0,3.0,4.0,188000.0,2.0,0.0,0.0,0.0,0.0,111.0,0.0,1
593,42.0,other,18.0,1.0,4.0,3.0,5.0,277000.0,3.0,1.0,1.0,0.0,1.0,18.0,1.0,0
594,39.0,male,90.0,0.0,2.0,3.0,2.0,95000.0,1.0,0.0,1.0,0.0,0.0,89.0,0.0,0
595,46.0,female,117.0,1.0,1.0,3.0,2.0,79000.0,1.0,0.0,0.0,0.0,1.0,117.0,0.0,1
596,28.0,other,12.0,1.0,4.0,3.0,2.0,80000.0,2.0,1.0,1.0,0.0,0.0,12.0,1.0,0
597,53.0,male,79.0,3.0,2.0,3.0,2.0,84000.0,2.0,0.0,1.0,0.0,1.0,79.0,0.0,0
598,43.0,female,90.0,0.0,2.0,3.0,3.0,100000.0,2.0,0.0,1.0,0.0,1.0,90.0,0.0,0
599,49.0,other,37.0,2.0,4.0,3.0,3.0,127000.0,3.0,0.0,1.0,0.0,0.0,36.0,0.0,0
600,34.0,other,82.0,0.0,2.0,3.0,2.0,88000.0,2.0,0.0,1.0,0.0,0.0,81.0,0.0,0
601,53.0,other,23.0,1.0,4.0,3.0,3.0,128000.0,2.0,1.0,1.0,0.0,0.0,23.0,1.0,0
603,45.0,other,53.0,1.0,3.0,3.0,3.0,148000.0,2.0,0.0,1.0,0.0,1.0,53.0,0.0,0
602,39.0,female,56.0,3.0,3.0,3.0,2.0,88000.0,2.0,0.0,1.0,0.0,0.0,55.0,0.0,0
604,51.0,female,10.0,2.0,4.0,3.0,4.0,188000.0,2.0,1.0,1.0,0.0,0.0,9.0,1.0,0
605,38.0,female,40.0,3.0,3.0,3.0,1.0,69000.0,1.0,0.0,1.0,0.0,1.0,40.0,0.0,0
606,47.0,female,109.0,3.0,1.0,3.0,5.0,268000.0,2.0,0.0,0.0,0.0,0.0,108.0,0.0,1
607,44.0,female,75.0,3.0,2.0,3.0,3.0,145000.0,3.0,0.0,1.0,0.0,1.0,74.0,0.0,0
608,30.0,male,96.0,2.0,2.0,3.0,2.0,79000.0,1.0,0.0,0.0,0.0,0.0,95.0,0.0,1
609,39.0,male,21.0,1.0,4.0,3.0,5.0,273000.0,3.0,1.0,1.0,0.0,0.0,21.0,1.0,0
610,47.0,male,29.0,1.0,4.0,3.0,2.0,97000.0,3.0,1.0,1.0,0.0,1.0,28.0,1.0,0
611,39.0,female,23.0,1.0,4.0,3.0,2.0,93000.0,3.0,1.0,1.0,0.0,0.0,22.0,1.0,0
612,53.0,other,115.0,1.0,1.0,3.0,2.0,79000.0,1.0,0.0,0.0,0.0,0.0,114.0,0.0,1
613,40.0,other,13.0,1.0,4.0,3.0,5.0,247000.0,3.0,1.0,1.0,0.0,1.0,13.0,1.0,0
614,25.0,other,75.0,1.0,2.0,3.0,1.0,65000.0,1.0,0.0,1.0,0.0,0.0,74.0,0.0,0
615,40.0,male,119.0,3.0,1.0,3.0,1.0,35000.0,1.0,0.0,0.0,0.0,0.0,118.0,0.0,1
616,44.0,other,107.0,3.0,1.0,3.0,2.0,95000.0,1.0,0.0,0.0,0.0,0.0,107.0,0.0,1
617,45.0,other,101.0,1.0,1.0,3.0,2.0,89000.0,1.0,0.0,0.0,0.0,0.0,101.0,0.0,1
618,55.0,other,115.0,0.0,1.0,3.0,2.0,85000.0,1.0,0.0,0.0,0.0,1.0,115.0,0.0,1
619,32.0,female,19.0,1.0,4.0,3.0,4.0,217000.0,3.0,1.0,1.0,0.0,0.0,19.0,1.0,0
620,34.0,female,103.0,1.0,1.0,3.0,5.0,277000.0,3.0,0.0,0.0,0.0,0.0,102.0,0.0,1
621,38.0,male,61.0,3.0,3.0,3.0,2.0,99000.0,1.0,0.0,1.0,0.0,0.0,60.0,0.0,0
622,38.0,female,56.0,1.0,3.0,3.0,1.0,75000.0,1.0,0.0,1.0,0.0,0.0,55.0,0.0,0
623,48.0,male,13.0,2.0,4.0,3.0,1.0,55000.0,1.0,1.0,1.0,0.0,0.0,13.0,1.0,0
624,42.0,female,13.0,1.0,4.0,3.0,2.0,95000.0,1.0,1.0,1.0,0.0,1.0,12.0,1.0,0
625,28.0,female,5.0,1.0,5.0,3.0,3.0,135000.0,1.0,1.0,1.0,0.0,1.0,5.0,1.0,0
626,38.0,male,99.0,0.0,1.0,3.0,2.0,80000.0,2.0,0.0,0.0,0.0,0.0,99.0,0.0,1
627,25.0,female,57.0,3.0,3.0,3.0,2.0,95000.0,1.0,0.0,1.0,0.0,1.0,57.0,0.0,0
628,35.0,other,118.0,2.0,1.0,3.0,5.0,393000.0,3.0,0.0,0.0,0.0,1.0,118.0,0.0,1
629,49.0,other,17.0,3.0,4.0,3.0,1.0,64000.0,2.0,1.0,1.0,0.0,0.0,16.0,1.0,0
630,37.0,female,93.0,2.0,2.0,3.0,5.0,397000.0,3.0,0.0,0.0,0.0,1.0,92.0,0.0,1
631,22.0,male,38.0,1.0,3.0,3.0,3.0,144000.0,2.0,0.0,1.0,0.0,0.0,37.0,0.0,0
632,32.0,male,100.0,1.0,1.0,3.0,2.0,88000.0,2.0,0.0,0.0,0.0,0.0,99.0,0.0,1
633,22.0,female,92.0,2.0,2.0,3.0,4.0,188000.0,2.0,0.0,0.0,0.0,0.0,92.0,0.0,1
634,26.0,female,85.0,1.0,2.0,3.0,3.0,135000.0,1.0,0.0,1.0,0.0,0.0,85.0,0.0,0
635,44.0,other,18.0,2.0,4.0,3.0,4.0,183000.0,3.0,1.0,1.0,0.0,0.0,18.0,1.0,0
636,35.0,other,86.0,3.0,2.0,3.0,4.0,213000.0,3.0,0.0,1.0,0.0,0.0,86.0,0.0,0
637,51.0,other,11.0,0.0,4.0,3.0,2.0,80000.0,2.0,1.0,1.0,0.0,0.0,10.0,1.0,0
638,31.0,male,50.0,2.0,3.0,3.0,1.0,51000.0,1.0,0.0,1.0,0.0,0.0,50.0,0.0,0
639,47.0,male,51.0,2.0,3.0,3.0,4.0,187000.0,3.0,0.0,1.0,0.0,0.0,51.0,0.0,0
640,25.0,female,53.0,3.0,3.0,3.0,3.0,144000.0,2.0,0.0,1.0,0.0,1.0,53.0,0.0,0
641,35.0,female,61.0,0.0,3.0,3.0,2.0,89000.0,1.0,0.0,1.0,0.0,1.0,60.0,0.0,0
642,30.0,other,76.0,0.0,2.0,3.0,2.0,88000.0,2.0,0.0,1.0,0.0,1.0,75.0,0.0,0
643,30.0,female,116.0,1.0,1.0,3.0,4.0,184000.0,2.0,0.0,0.0,0.0,0.0,116.0,0.0,1
644,38.0,male,95.0,3.0,2.0,3.0,3.0,100000.0,2.0,0.0,0.0,0.0,0.0,95.0,0.0,1
645,25.0,other,6.0,0.0,5.0,3.0,2.0,96000.0,2.0,1.0,1.0,0.0,1.0,6.0,1.0,0
646,27.0,other,66.0,3.0,3.0,3.0,1.0,41000.0,1.0,0.0,1.0,0.0,1.0,65.0,0.0,0
647,34.0,female,49.0,0.0,3.0,3.0,2.0,99000.0,1.0,0.0,1.0,0.0,0.0,49.0,0.0,0
648,42.0,other,2.0,3.0,5.0,3.0,1.0,55000.0,1.0,1.0,1.0,0.0,0.0,1.0,1.0,0
649,31.0,male,60.0,3.0,3.0,3.0,3.0,128000.0,2.0,0.0,1.0,0.0,1.0,59.0,0.0,0
650,47.0,male,4.0,2.0,5.0,3.0,3.0,128000.0,2.0,1.0,1.0,0.0,0.0,4.0,1.0,0
651,34.0,female,65.0,1.0,3.0,3.0,1.0,75000.0,1.0,0.0,1.0,0.0,1.0,65.0,0.0,0
652,46.0,other,31.0,2.0,4.0,3.0,1.0,65000.0,1.0,1.0,1.0,0.0,1.0,31.0,0.0,0
653,53.0,male,13.0,1.0,4.0,3.0,5.0,247000.0,3.0,1.0,1.0,0.0,1.0,13.0,1.0,0
654,35.0,male,34.0,0.0,4.0,3.0,1.0,64000.0,2.0,0.0,1.0,0.0,0.0,34.0,0.0,0
655,43.0,other,102.0,1.0,1.0,3.0,4.0,188000.0,2.0,0.0,0.0,0.0,0.0,102.0,0.0,1
656,30.0,male,64.0,3.0,3.0,3.0,5.0,268000.0,2.0,0.0,1.0,0.0,1.0,63.0,0.0,0
657,34.0,other,24.0,0.0,4.0,3.0,4.0,164000.0,2.0,1.0,1.0,0.0,0.0,24.0,1.0,0
658,45.0,male,13.0,3.0,4.0,3.0,3.0,100000.0,2.0,1.0,1.0,0.0,0.0,13.0,1.0,0
659,54.0,female,62.0,3.0,3.0,3.0,4.0,184000.0,2.0,0.0,1.0,0.0,0.0,61.0,0.0,0
660,41.0,female,7.0,0.0,5.0,3.0,4.0,168000.0,2.0,1.0,1.0,0.0,0.0,6.0,1.0,0
661,20.0,male,9.0,1.0,4.0,3.0,3.0,123000.0,3.0,1.0,1.0,0.0,0.0,9.0,1.0,0
662,42.0,female,78.0,1.0,2.0,3.0,2.0,88000.0,2.0,0.0,1.0,0.0,1.0,77.0,0.0,0
663,53.0,female,92.0,0.0,2.0,3.0,5.0,268000.0,2.0,0.0,0.0,0.0,0.0,92.0,0.0,1
664,21.0,female,104.0,0.0,1.0,3.0,2.0,88000.0,2.0,0.0,0.0,0.0,0.0,104.0,0.0,1
665,27.0,other,11.0,0.0,4.0,3.0,5.0,277000.0,3.0,1.0,1.0,0.0,0.0,11.0,1.0,0
666,25.0,other,1.0,3.0,5.0,3.0,1.0,65000.0,1.0,1.0,1.0,0.0,0.0,1.0,1.0,0
667,46.0,male,87.0,3.0,2.0,3.0,1.0,41000.0,1.0,0.0,1.0,0.0,1.0,87.0,0.0,0
668,41.0,other,115.0,0.0,1.0,3.0,4.0,187000.0,3.0,0.0,0.0,0.0,0.0,114.0,0.0,1
670,20.0,other,9.0,1.0,4.0,3.0,4.0,243000.0,3.0,1.0,1.0,0.0,0.0,9.0,1.0,0
669,45.0,male,2.0,2.0,5.0,3.0,1.0,45000.0,1.0,1.0,1.0,0.0,0.0,1.0,1.0,0
671,30.0,other,19.0,3.0,4.0,3.0,3.0,127000.0,3.0,1.0,1.0,0.0,0.0,18.0,1.0,0
672,26.0,other,84.0,1.0,2.0,3.0,5.0,273000.0,3.0,0.0,1.0,0.0,0.0,84.0,0.0,0
673,51.0,other,105.0,2.0,1.0,3.0,4.0,213000.0,3.0,0.0,0.0,0.0,1.0,104.0,0.0,1
674,33.0,female,37.0,3.0,4.0,3.0,2.0,97000.0,3.0,0.0,1.0,0.0,0.0,36.0,0.0,0
675,27.0,female,10.0,1.0,4.0,3.0,2.0,89000.0,1.0,1.0,1.0,0.0,0.0,9.0,1.0,0
676,32.0,female,98.0,2.0,2.0,3.0,1.0,45000.0,1.0,0.0,0.0,0.0,0.0,98.0,0.0,1
677,50.0,male,36.0,1.0,4.0,3.0,5.0,264000.0,2.0,0.0,1.0,0.0,0.0,36.0,0.0,0
678,38.0,other,7.0,1.0,5.0,3.0,1.0,55000.0,1.0,1.0,1.0,0.0,0.0,7.0,1.0,0
679,39.0,male,66.0,0.0,3.0,3.0,1.0,65000.0,1.0,0.0,1.0,0.0,0.0,65.0,0.0,0
681,28.0,female,19.0,3.0,4.0,3.0,1.0,45000.0,1.0,1.0,1.0,0.0,1.0,18.0,1.0,0
680,34.0,other,26.0,3.0,4.0,3.0,2.0,85000.0,1.0,1.0,1.0,0.0,1.0,25.0,1.0,0
682,38.0,female,40.0,3.0,3.0,3.0,4.0,183000.0,3.0,0.0,1.0,0.0,0.0,40.0,0.0,0
683,23.0,other,110.0,2.0,1.0,3.0,1.0,51000.0,1.0,0.0,0.0,0.0,0.0,110.0,0.0,1
684,54.0,female,4.0,1.0,5.0,3.0,3.0,123000.0,3.0,1.0,1.0,0.0,1.0,3.0,1.0,0
685,55.0,male,25.0,3.0,4.0,3.0,2.0,84000.0,2.0,1.0,1.0,0.0,0.0,25.0,1.0,0
686,34.0,male,3.0,2.0,5.0,3.0,3.0,141000.0,3.0,1.0,1.0,0.0,0.0,3.0,1.0,0
687,55.0,male,98.0,2.0,2.0,3.0,1.0,35000.0,1.0,0.0,0.0,0.0,0.0,98.0,0.0,1
688,38.0,female,19.0,2.0,4.0,3.0,4.0,213000.0,3.0,1.0,1.0,0.0,0.0,19.0,1.0,0
689,20.0,male,5.0,2.0,5.0,3.0,2.0,79000.0,1.0,1.0,1.0,0.0,0.0,4.0,1.0,0
690,50.0,male,102.0,0.0,1.0,3.0,3.0,139000.0,1.0,0.0,0.0,0.0,0.0,102.0,0.0,1
691,40.0,male,11.0,1.0,4.0,3.0,1.0,51000.0,1.0,1.0,1.0,0.0,0.0,11.0,1.0,0
692,55.0,female,103.0,2.0,1.0,3.0,3.0,111000.0,3.0,0.0,0.0,0.0,0.0,102.0,0.0,1
693,43.0,other,112.0,3.0,1.0,3.0,3.0,128000.0,2.0,0.0,0.0,0.0,0.0,112.0,0.0,1
694,55.0,female,112.0,0.0,1.0,3.0,3.0,128000.0,2.0,0.0,0.0,0.0,1.0,111.0,0.0,1
695,55.0,other,34.0,3.0,4.0,3.0,3.0,115000.0,3.0,0.0,1.0,0.0,1.0,34.0,0.0,0
696,32.0,male,84.0,1.0,2.0,3.0,5.0,268000.0,2.0,0.0,1.0,0.0,0.0,83.0,0.0,0
697,39.0,female,109.0,3.0,1.0,3.0,3.0,111000.0,3.0,0.0,0.0,0.0,0.0,109.0,0.0,1
698,24.0,male,119.0,2.0,1.0,3.0,2.0,95000.0,1.0,0.0,0.0,0.0,0.0,118.0,0.0,1
699,31.0,male,34.0,2.0,4.0,3.0,3.0,141000.0,3.0,0.0,1.0,0.0,0.0,33.0,0.0,0
700,29.0,female,8.0,1.0,4.0,3.0,1.0,51000.0,1.0,1.0,1.0,0.0,0.0,8.0,1.0,0
701,48.0,male,46.0,2.0,3.0,3.0,4.0,213000.0,3.0,0.0,1.0,0.0,0.0,46.0,0.0,0
702,40.0,male,42.0,2.0,3.0,3.0,1.0,75000.0,1.0,0.0,1.0,0.0,0.0,42.0,0.0,0
703,54.0,female,52.0,0.0,3.0,3.0,5.0,273000.0,3.0,0.0,1.0,0.0,0.0,52.0,0.0,0
704,33.0,male,26.0,1.0,4.0,3.0,3.0,135000.0,1.0,1.0,1.0,0.0,0.0,26.0,1.0,0
706,42.0,female,87.0,1.0,2.0,3.0,3.0,111000.0,3.0,0.0,1.0,0.0,0.0,86.0,0.0,0
705,43.0,male,92.0,3.0,2.0,3.0,5.0,268000.0,2.0,0.0,0.0,0.0,1.0,91.0,0.0,1
707,20.0,female,34.0,3.0,4.0,3.0,1.0,68000.0,2.0,0.0,1.0,0.0,0.0,33.0,0.0,0
708,34.0,male,1.0,1.0,5.0,3.0,1.0,69000.0,1.0,1.0,1.0,0.0,1.0,0.0,1.0,0
709,21.0,female,1.0,0.0,5.0,3.0,2.0,93000.0,3.0,1.0,1.0,0.0,0.0,1.0,1.0,0
710,28.0,male,3.0,0.0,5.0,3.0,2.0,88000.0,2.0,1.0,1.0,0.0,1.0,2.0,1.0,0
712,47.0,female,51.0,3.0,3.0,3.0,5.0,277000.0,3.0,0.0,1.0,0.0,0.0,51.0,0.0,0
713,32.0,male,45.0,3.0,3.0,3.0,2.0,99000.0,1.0,0.0,1.0,0.0,1.0,45.0,0.0,0
714,53.0,other,23.0,2.0,4.0,3.0,4.0,187000.0,3.0,1.0,1.0,0.0,1.0,23.0,1.0,0
711,48.0,other,41.0,1.0,3.0,3.0,1.0,49000.0,1.0,0.0,1.0,0.0,0.0,41.0,0.0,0
715,40.0,female,102.0,1.0,1.0,3.0,3.0,124000.0,2.0,0.0,0.0,0.0,0.0,101.0,0.0,1
716,51.0,other,49.0,3.0,3.0,3.0,1.0,68000.0,2.0,0.0,1.0,0.0,0.0,48.0,0.0,0
717,44.0,female,115.0,2.0,1.0,3.0,2.0,95000.0,1.0,0.0,0.0,0.0,0.0,115.0,0.0,1
718,44.0,female,105.0,1.0,1.0,3.0,2.0,80000.0,2.0,0.0,0.0,0.0,0.0,105.0,0.0,1
719,40.0,other,36.0,0.0,4.0,3.0,1.0,69000.0,1.0,0.0,1.0,0.0,0.0,35.0,0.0,0
720,32.0,other,57.0,2.0,3.0,3.0,1.0,69000.0,1.0,0.0,1.0,0.0,1.0,57.0,0.0,0
721,53.0,other,108.0,3.0,1.0,3.0,5.0,273000.0,3.0,0.0,0.0,0.0,0.0,107.0,0.0,1
722,30.0,male,16.0,0.0,4.0,3.0,1.0,51000.0,1.0,1.0,1.0,0.0,1.0,16.0,1.0,0
723,26.0,male,120.0,1.0,1.0,3.0,1.0,75000.0,1.0,0.0,0.0,0.0,0.0,120.0,0.0,1
724,49.0,male,81.0,2.0,2.0,3.0,1.0,68000.0,2.0,0.0,1.0,0.0,0.0,81.0,0.0,0
725,49.0,other,22.0,3.0,4.0,3.0,2.0,97000.0,3.0,1.0,1.0,0.0,0.0,22.0,1.0,0
726,20.0,male,100.0,0.0,1.0,3.0,1.0,49000.0,1.0,0.0,0.0,0.0,0.0,99.0,0.0,1
727,52.0,female,83.0,0.0,2.0,3.0,3.0,145000.0,3.0,0.0,1.0,0.0,0.0,83.0,0.0,0
728,42.0,male,56.0,3.0,3.0,3.0,3.0,123000.0,3.0,0.0,1.0,0.0,1.0,55.0,0.0,0
729,40.0,male,109.0,2.0,1.0,3.0,3.0,124000.0,2.0,0.0,0.0,0.0,0.0,109.0,0.0,1
731,47.0,male,100.0,0.0,1.0,3.0,4.0,164000.0,2.0,0.0,0.0,0.0,0.0,100.0,0.0,1
730,35.0,female,82.0,2.0,2.0,3.0,3.0,115000.0,3.0,0.0,1.0,0.0,0.0,82.0,0.0,0
732,30.0,male,100.0,1.0,1.0,3.0,5.0,247000.0,3.0,0.0,0.0,0.0,1.0,99.0,0.0,1
733,37.0,female,45.0,2.0,3.0,3.0,1.0,64000.0,2.0,0.0,1.0,0.0,0.0,44.0,0.0,0
734,37.0,female,88.0,0.0,2.0,3.0,4.0,183000.0,3.0,0.0,1.0,0.0,0.0,87.0,0.0,0
735,41.0,male,80.0,1.0,2.0,3.0,3.0,127000.0,3.0,0.0,1.0,0.0,1.0,79.0,0.0,0
736,38.0,male,90.0,2.0,2.0,3.0,2.0,85000.0,1.0,0.0,1.0,0.0,1.0,90.0,0.0,0
737,47.0,female,21.0,1.0,4.0,3.0,5.0,273000.0,3.0,1.0,1.0,0.0,0.0,21.0,1.0,0
738,46.0,male,14.0,3.0,4.0,3.0,4.0,217000.0,3.0,1.0,1.0,0.0,0.0,14.0,1.0,0
739,29.0,male,82.0,1.0,2.0,3.0,2.0,93000.0,3.0,0.0,1.0,0.0,0.0,81.0,0.0,0
740,38.0,other,113.0,2.0,1.0,3.0,3.0,141000.0,3.0,0.0,0.0,0.0,0.0,113.0,0.0,1
741,38.0,other,113.0,2.0,1.0,3.0,3.0,141000.0,3.0,0.0,0.0,0.0,0.0,113.0,0.0,1
742,34.0,other,13.0,1.0,4.0,3.0,5.0,273000.0,3.0,1.0,1.0,0.0,0.0,13.0,1.0,0
743,39.0,female,12.0,1.0,4.0,3.0,3.0,100000.0,2.0,1.0,1.0,0.0,0.0,12.0,1.0,0
744,34.0,male,6.0,2.0,5.0,3.0,4.0,168000.0,2.0,1.0,1.0,0.0,1.0,5.0,1.0,0
745,45.0,other,59.0,3.0,3.0,3.0,3.0,100000.0,2.0,0.0,1.0,0.0,0.0,58.0,0.0,0
746,0.0,,0.0,0.0,3.0,3.0,4.0,243000.0,3.0,0.0,1.0,0.0,0.0,60.0,0.0,0
747,37.0,other,94.0,2.0,2.0,3.0,2.0,88000.0,2.0,0.0,0.0,0.0,0.0,93.0,0.0,1
748,47.0,other,100.0,3.0,1.0,3.0,4.0,168000.0,2.0,0.0,0.0,0.0,1.0,100.0,0.0,1
749,53.0,male,80.0,2.0,2.0,3.0,2.0,99000.0,1.0,0.0,1.0,0.0,0.0,79.0,0.0,0
750,50.0,male,27.0,3.0,4.0,3.0,3.0,141000.0,3.0,1.0,1.0,0.0,0.0,26.0,1.0,0
751,52.0,male,66.0,1.0,3.0,3.0,4.0,217000.0,3.0,0.0,1.0,0.0,1.0,65.0,0.0,0
752,22.0,female,71.0,1.0,2.0,3.0,5.0,397000.0,3.0,0.0,1.0,0.0,0.0,70.0,0.0,0
753,48.0,female,91.0,1.0,2.0,3.0,2.0,96000.0,2.0,0.0,1.0,0.0,0.0,90.0,0.0,0
754,29.0,female,7.0,3.0,5.0,3.0,5.0,277000.0,3.0,1.0,1.0,0.0,1.0,7.0,1.0,0
755,37.0,other,87.0,2.0,2.0,3.0,4.0,184000.0,2.0,0.0,1.0,0.0,0.0,86.0,0.0,0
756,48.0,other,3.0,3.0,5.0,3.0,1.0,45000.0,1.0,1.0,1.0,0.0,0.0,2.0,1.0,0
757,32.0,other,118.0,3.0,1.0,3.0,1.0,39000.0,1.0,0.0,0.0,0.0,0.0,118.0,0.0,1
758,22.0,other,6.0,2.0,5.0,3.0,4.0,184000.0,2.0,1.0,1.0,0.0,0.0,5.0,1.0,0
759,54.0,other,43.0,0.0,3.0,3.0,1.0,51000.0,1.0,0.0,1.0,0.0,0.0,43.0,0.0,0
760,37.0,male,9.0,1.0,4.0,3.0,5.0,393000.0,3.0,1.0,1.0,0.0,0.0,8.0,1.0,0
761,22.0,other,81.0,1.0,2.0,3.0,4.0,184000.0,2.0,0.0,1.0,0.0,0.0,81.0,0.0,0
762,44.0,other,55.0,2.0,3.0,3.0,2.0,99000.0,1.0,0.0,1.0,0.0,0.0,55.0,0.0,0
763,25.0,male,35.0,3.0,4.0,3.0,2.0,96000.0,2.0,0.0,1.0,0.0,0.0,34.0,0.0,0
764,37.0,other,57.0,3.0,3.0,3.0,3.0,148000.0,2.0,0.0,1.0,0.0,0.0,56.0,0.0,0
765,45.0,male,13.0,3.0,4.0,3.0,1.0,68000.0,2.0,1.0,1.0,0.0,0.0,12.0,1.0,0
766,30.0,female,111.0,0.0,1.0,3.0,4.0,217000.0,3.0,0.0,0.0,0.0,1.0,111.0,0.0,1
767,50.0,male,41.0,0.0,3.0,3.0,5.0,393000.0,3.0,0.0,1.0,0.0,0.0,41.0,0.0,0
768,38.0,male,97.0,1.0,2.0,3.0,1.0,49000.0,1.0,0.0,0.0,0.0,0.0,97.0,0.0,1
769,24.0,female,55.0,2.0,3.0,3.0,5.0,273000.0,3.0,0.0,1.0,0.0,0.0,54.0,0.0,0
770,34.0,male,15.0,2.0,4.0,3.0,5.0,397000.0,3.0,1.0,1.0,0.0,1.0,15.0,1.0,0
771,55.0,female,59.0,3.0,3.0,3.0,1.0,76000.0,2.0,0.0,1.0,0.0,0.0,59.0,0.0,0
772,36.0,other,92.0,3.0,2.0,3.0,3.0,111000.0,3.0,0.0,0.0,0.0,0.0,92.0,0.0,1
773,32.0,male,3.0,3.0,5.0,3.0,1.0,51000.0,1.0,1.0,1.0,0.0,0.0,2.0,1.0,0
774,41.0,male,92.0,0.0,2.0,3.0,2.0,99000.0,1.0,0.0,0.0,0.0,0.0,92.0,0.0,1
775,44.0,female,41.0,0.0,3.0,3.0,4.0,164000.0,2.0,0.0,1.0,0.0,1.0,41.0,0.0,0
776,22.0,other,72.0,2.0,2.0,3.0,3.0,111000.0,3.0,0.0,1.0,0.0,0.0,71.0,0.0,0
777,21.0,female,30.0,3.0,4.0,3.0,4.0,188000.0,2.0,1.0,1.0,0.0,0.0,30.0,1.0,0
778,48.0,other,41.0,2.0,3.0,3.0,5.0,273000.0,3.0,0.0,1.0,0.0,0.0,41.0,0.0,0
779,47.0,male,86.0,1.0,2.0,3.0,4.0,188000.0,2.0,0.0,1.0,0.0,0.0,86.0,0.0,0
780,38.0,other,85.0,3.0,2.0,3.0,2.0,95000.0,1.0,0.0,1.0,0.0,1.0,84.0,0.0,0
781,31.0,other,22.0,0.0,4.0,3.0,3.0,111000.0,3.0,1.0,1.0,0.0,0.0,22.0,1.0,0
782,31.0,female,100.0,3.0,1.0,3.0,1.0,64000.0,2.0,0.0,0.0,0.0,1.0,100.0,0.0,1
783,47.0,female,19.0,0.0,4.0,3.0,1.0,64000.0,2.0,1.0,1.0,0.0,0.0,18.0,1.0,0
784,25.0,male,116.0,2.0,1.0,3.0,3.0,139000.0,1.0,0.0,0.0,0.0,0.0,116.0,0.0,1
785,31.0,female,98.0,2.0,2.0,3.0,3.0,145000.0,3.0,0.0,0.0,0.0,0.0,98.0,0.0,1
786,42.0,other,62.0,2.0,3.0,3.0,2.0,79000.0,1.0,0.0,1.0,0.0,0.0,62.0,0.0,0
787,22.0,female,111.0,1.0,1.0,3.0,2.0,88000.0,2.0,0.0,0.0,0.0,0.0,111.0,0.0,1
788,30.0,male,50.0,2.0,3.0,3.0,5.0,277000.0,3.0,0.0,1.0,0.0,0.0,50.0,0.0,0
789,19.0,female,105.0,1.0,1.0,3.0,1.0,75000.0,1.0,0.0,0.0,0.0,0.0,104.0,0.0,1
790,20.0,female,70.0,3.0,2.0,3.0,3.0,123000.0,3.0,0.0,1.0,0.0,0.0,70.0,0.0,0
791,19.0,female,20.0,0.0,4.0,3.0,3.0,128000.0,2.0,1.0,1.0,0.0,1.0,19.0,1.0,0
793,43.0,other,93.0,2.0,2.0,3.0,3.0,123000.0,3.0,0.0,0.0,0.0,0.0,93.0,0.0,1
792,30.0,other,8.0,3.0,4.0,3.0,3.0,148000.0,2.0,1.0,1.0,0.0,0.0,8.0,1.0,0
794,48.0,male,67.0,1.0,3.0,3.0,3.0,148000.0,2.0,0.0,1.0,0.0,1.0,66.0,0.0,0
796,35.0,male,87.0,1.0,2.0,3.0,4.0,183000.0,3.0,0.0,1.0,0.0,0.0,86.0,0.0,0
795,50.0,female,12.0,3.0,4.0,3.0,5.0,264000.0,2.0,1.0,1.0,0.0,1.0,12.0,1.0,0
797,23.0,other,66.0,1.0,3.0,3.0,1.0,35000.0,1.0,0.0,1.0,0.0,1.0,66.0,0.0,0
798,20.0,other,11.0,3.0,4.0,3.0,1.0,68000.0,2.0,1.0,1.0,0.0,1.0,10.0,1.0,0
799,26.0,female,37.0,2.0,3.0,3.0,1.0,65000.0,1.0,0.0,1.0,0.0,0.0,37.0,0.0,0
800,37.0,female,49.0,2.0,3.0,3.0,3.0,111000.0,3.0,0.0,1.0,0.0,0.0,49.0,0.0,0
801,52.0,female,127.0,2.0,5.0,5.0,4.0,77000.0,1.0,1.0,1.0,127.0,0.0,0.0,1.0,0
802,38.0,other,169.0,2.0,5.0,5.0,5.0,161000.0,2.0,1.0,1.0,169.0,0.5,0.0,1.0,0
803,31.0,male,110.0,2.0,5.0,5.0,5.0,178000.0,2.0,1.0,1.0,110.0,1.0,0.0,1.0,0
804,26.0,male,127.0,1.0,5.0,5.0,5.0,154000.0,2.0,1.0,1.0,126.0,1.0,0.0,1.0,0
806,35.0,male,149.0,1.0,5.0,5.0,4.0,103500.0,2.5,1.0,1.0,148.0,0.5,0.0,1.0,0
805,44.0,other,99.0,1.0,1.0,3.0,3.0,139000.0,1.0,0.0,0.0,0.0,0.0,0.0,0.0,0
807,22.0,female,89.0,0.0,5.0,5.0,1.0,38000.0,1.0,1.0,2.0,89.0,0.5,0.0,1.0,0
808,53.0,female,130.0,3.0,5.0,5.0,4.0,113500.0,2.5,1.0,1.0,130.0,0.5,0.0,1.0,0
809,28.0,other,94.0,3.0,2.0,3.0,4.0,184000.0,2.0,0.0,0.0,0.0,1.0,0.0,0.0,0
810,49.0,male,128.0,2.0,5.0,5.0,4.0,99000.0,2.0,1.0,1.0,128.0,0.5,0.0,1.0,0
811,27.0,male,80.0,2.0,2.0,3.0,3.0,128000.0,2.0,0.0,1.0,0.0,1.0,0.0,0.0,0
812,44.0,male,116.0,0.0,1.0,3.0,3.0,100000.0,2.0,0.0,0.0,0.0,0.0,0.0,0.0,0
813,39.0,male,130.0,0.0,1.0,3.0,2.0,89000.0,1.0,0.0,0.0,0.0,0.0,0.0,0.0,0
814,26.0,male,117.0,3.0,5.0,5.0,3.0,67500.0,1.5,1.0,1.0,117.0,0.0,0.0,1.0,0
815,36.0,other,101.0,0.0,5.0,5.0,4.0,82500.0,1.5,1.0,1.0,100.0,0.0,0.0,1.0,0
816,20.0,male,163.0,0.0,5.0,5.0,4.0,109500.0,2.5,1.0,1.0,163.0,1.0,0.0,1.0,0
817,20.0,other,173.0,2.0,5.0,5.0,5.0,206000.0,2.0,1.0,1.0,173.0,0.0,0.0,1.0,0
818,41.0,female,110.0,0.0,1.0,3.0,3.0,141000.0,3.0,0.0,0.0,0.0,1.0,0.0,0.0,0
819,37.0,female,168.0,2.0,5.0,5.0,4.0,109500.0,1.5,1.0,1.0,168.0,0.5,0.0,1.0,0
821,45.0,male,142.0,0.0,1.0,3.0,1.0,41000.0,1.0,0.0,0.0,0.0,0.0,0.0,0.0,0
820,39.0,other,115.0,3.0,5.0,5.0,5.0,155500.0,2.5,1.0,1.0,115.0,1.0,0.0,1.0,0
822,39.0,male,125.0,1.0,5.0,5.0,4.0,104000.0,2.0,1.0,1.0,125.0,0.5,0.0,1.0,0
823,43.0,male,174.0,3.0,5.0,5.0,4.0,92000.0,1.0,1.0,1.0,174.0,0.5,0.0,1.0,0
824,41.0,female,96.0,2.0,5.0,5.0,3.0,63500.0,1.5,1.0,1.0,96.0,0.5,0.0,1.0,0
825,27.0,female,159.0,2.0,1.0,3.0,3.0,111000.0,3.0,0.0,0.0,0.0,0.0,0.0,0.0,0
826,22.0,other,122.0,0.0,5.0,5.0,5.0,134000.0,2.0,1.0,1.0,121.0,1.0,0.0,1.0,0
827,47.0,male,104.0,0.0,5.0,5.0,3.0,65000.0,1.0,1.0,1.0,104.0,0.5,0.0,1.0,0
828,25.0,male,165.0,3.0,5.0,5.0,5.0,155500.0,2.5,1.0,1.0,165.0,0.5,0.0,1.0,0
829,55.0,male,90.0,0.0,5.0,5.0,5.0,129500.0,2.5,1.0,2.0,90.0,0.0,0.0,1.0,0
830,36.0,male,159.0,0.0,5.0,5.0,3.0,54500.0,1.5,1.0,1.0,158.0,0.5,0.0,1.0,0
831,53.0,other,140.0,1.0,1.0,3.0,3.0,148000.0,2.0,0.0,0.0,0.0,0.0,0.0,0.0,0
832,28.0,male,91.0,2.0,5.0,5.0,3.0,69500.0,1.5,1.0,2.0,90.0,0.5,0.0,1.0,0
833,30.0,male,135.0,2.0,5.0,5.0,5.0,151500.0,1.5,1.0,1.0,135.0,0.0,0.0,1.0,0
834,23.0,male,118.0,3.0,1.0,3.0,2.0,97000.0,3.0,0.0,0.0,0.0,0.0,0.0,0.0,0
835,22.0,other,76.0,0.0,5.0,5.0,4.0,87500.0,2.5,1.0,2.0,76.0,0.5,0.0,1.0,0
836,28.0,male,94.0,2.0,5.0,5.0,3.0,71000.0,2.0,1.0,1.0,93.0,0.5,0.0,1.0,0
837,28.0,other,125.0,2.0,5.0,5.0,5.0,236000.0,2.0,1.0,1.0,124.0,0.0,0.0,1.0,0
838,22.0,other,137.0,3.0,5.0,5.0,5.0,133000.0,2.0,1.0,1.0,137.0,1.0,0.0,1.0,0
840,33.0,female,169.0,1.0,1.0,3.0,1.0,69000.0,1.0,0.0,0.0,0.0,0.0,0.0,0.0,0
839,20.0,other,161.0,3.0,5.0,3.0,1.0,64000.0,2.0,1.0,1.0,0.0,0.0,0.0,1.0,0
841,51.0,male,128.0,1.0,5.0,5.0,4.0,112000.0,2.0,1.0,1.0,128.0,0.0,0.0,1.0,0
842,29.0,other,89.0,1.0,2.0,3.0,1.0,35000.0,1.0,0.0,1.0,0.0,0.0,0.0,0.0,0
843,47.0,male,111.0,2.0,1.0,3.0,2.0,95000.0,1.0,0.0,0.0,0.0,0.0,0.0,0.0,0
845,25.0,male,86.0,3.0,5.0,5.0,5.0,140500.0,2.5,1.0,2.0,85.0,1.0,0.0,1.0,0
844,20.0,male,130.0,3.0,1.0,3.0,3.0,135000.0,1.0,0.0,0.0,0.0,0.0,0.0,0.0,0
846,33.0,male,175.0,3.0,1.0,3.0,5.0,393000.0,3.0,0.0,0.0,0.0,0.0,0.0,0.0,0
847,26.0,male,135.0,2.0,5.0,5.0,4.0,119000.0,1.0,1.0,1.0,135.0,0.0,0.0,1.0,0
848,48.0,female,161.0,0.0,5.0,5.0,5.0,154000.0,2.0,1.0,1.0,160.0,0.0,0.0,1.0,0
849,46.0,male,129.0,2.0,5.0,5.0,4.0,99500.0,2.5,1.0,1.0,129.0,0.0,0.0,1.0,0
850,44.0,other,62.0,3.0,5.0,5.0,4.0,88500.0,1.5,1.0,2.0,62.0,0.0,0.0,1.0,0
851,32.0,male,87.0,1.0,5.0,5.0,5.0,226000.0,2.0,1.0,2.0,86.0,0.5,0.0,1.0,0
852,38.0,female,81.0,3.0,2.0,3.0,2.0,84000.0,2.0,0.0,1.0,0.0,0.0,0.0,0.0,0
853,50.0,male,76.0,2.0,5.0,5.0,5.0,138500.0,1.5,1.0,2.0,76.0,0.5,0.0,1.0,0
854,33.0,other,100.0,3.0,1.0,3.0,1.0,45000.0,1.0,0.0,0.0,0.0,0.0,0.0,0.0,0
855,55.0,male,64.0,0.0,3.0,3.0,1.0,76000.0,2.0,0.0,1.0,0.0,0.0,0.0,0.0,0
856,32.0,female,67.0,3.0,5.0,5.0,3.0,58500.0,1.5,1.0,2.0,66.0,0.5,0.0,1.0,0
857,31.0,female,163.0,2.0,5.0,5.0,5.0,169500.0,1.5,1.0,1.0,163.0,0.0,0.0,1.0,0
858,21.0,male,153.0,2.0,5.0,5.0,4.0,116500.0,1.5,1.0,1.0,153.0,0.0,0.0,1.0,0
859,37.0,male,111.0,1.0,1.0,3.0,2.0,79000.0,1.0,0.0,0.0,0.0,0.0,0.0,0.0,0
860,42.0,male,93.0,2.0,5.0,5.0,4.0,109500.0,1.5,1.0,1.0,93.0,0.0,0.0,1.0,0
861,39.0,female,138.0,2.0,5.0,5.0,5.0,152500.0,1.5,1.0,1.0,137.0,0.0,0.0,1.0,0
862,30.0,male,121.0,0.0,5.0,5.0,2.0,42000.0,1.0,1.0,1.0,120.0,0.0,0.0,1.0,0
863,28.0,other,77.0,0.0,2.0,3.0,4.0,164000.0,2.0,0.0,1.0,0.0,0.0,0.0,0.0,0
865,21.0,other,102.0,1.0,1.0,3.0,3.0,123000.0,3.0,0.0,0.0,0.0,1.0,0.0,1.0,0
864,39.0,male,179.0,2.0,1.0,1.0,1.0,0.0,0.0,0.0,0.0,0.0,0.0,0.0,0.0,0
866,27.0,other,136.0,0.0,1.0,3.0,1.0,64000.0,2.0,0.0,0.0,0.0,0.0,0.0,0.0,0
867,35.0,other,164.0,1.0,5.0,5.0,4.0,107500.0,1.5,1.0,1.0,164.0,1.0,0.0,1.0,0
868,30.0,female,181.0,1.0,1.0,1.0,1.0,0.0,0.0,0.0,0.0,0.0,0.0,181.0,0.0,1
869,50.0,male,151.0,1.0,1.0,1.0,1.0,0.0,0.0,0.0,0.0,0.0,0.0,9999.0,0.0,1
870,0.0,,0.0,0.0,1.0,1.0,1.0,0.0,0.0,0.0,0.0,0.0,0.0,9999.0,0.0,1
873,0.0,,0.0,0.0,1.0,1.0,1.0,0.0,0.0,0.0,0.0,0.0,0.0,9999.0,0.0,1
874,0.0,,0.0,0.0,1.0,1.0,1.0,0.0,0.0,0.0,0.0,0.0,0.0,9999.0,0.0,1
880,46.0,male,131.0,0.0,1.0,3.0,1.0,45000.0,1.0,0.0,0.0,0.0,1.0,0.0,0.0,0
877,0.0,,0.0,0.0,5.0,3.0,3.0,128000.0,2.0,1.0,1.0,0.0,1.0,9999.0,0.0,0
879,0.0,,0.0,0.0,1.0,1.0,1.0,0.0,0.0,0.0,0.0,0.0,0.0,0.0,0.0,0
878,0.0,,0.0,0.0,1.0,1.0,1.0,0.0,0.0,0.0,0.0,0.0,0.0,0.0,0.0,0
881,40.0,female,145.0,2.0,1.0,3.0,2.0,95000.0,1.0,0.0,0.0,0.0,0.0,0.0,0.0,0
882,34.0,other,106.0,3.0,1.0,3.0,4.0,213000.0,3.0,0.0,0.0,0.0,0.0,0.0,0.0,0
883,36.0,female,131.0,2.0,1.0,3.0,2.0,97000.0,3.0,0.0,0.0,0.0,1.0,0.0,0.0,0
884,24.0,other,106.0,0.0,5.0,5.0,5.0,181500.0,1.5,1.0,1.0,106.0,0.5,0.0,1.0,0
886,40.0,female,98.0,1.0,2.0,3.0,3.0,139000.0,1.0,0.0,0.0,0.0,0.0,0.0,0.0,0
885,28.0,female,96.0,3.0,5.0,5.0,4.0,110000.0,2.0,1.0,1.0,95.0,0.0,0.0,1.0,0
887,35.0,other,108.0,3.0,1.0,3.0,1.0,45000.0,1.0,0.0,0.0,0.0,1.0,0.0,0.0,0
888,43.0,female,167.0,1.0,5.0,5.0,5.0,152500.0,1.5,1.0,1.0,166.0,0.0,0.0,1.0,0
889,32.0,male,75.0,2.0,5.0,5.0,4.0,83000.0,2.0,1.0,2.0,74.0,0.0,0.0,1.0,0
890,52.0,female,83.0,0.0,5.0,5.0,5.0,122000.0,2.0,1.0,2.0,82.0,0.0,0.0,1.0,0
891,38.0,male,117.0,2.0,5.0,5.0,2.0,40000.0,1.0,1.0,1.0,117.0,0.5,0.0,1.0,0
892,50.0,female,80.0,2.0,2.0,3.0,2.0,85000.0,1.0,0.0,1.0,0.0,0.0,0.0,0.0,0
893,48.0,female,92.0,0.0,2.0,3.0,1.0,55000.0,1.0,0.0,0.0,0.0,0.0,0.0,0.0,0
894,52.0,male,73.0,0.0,5.0,5.0,5.0,138000.0,2.0,1.0,2.0,73.0,0.5,0.0,1.0,0
895,53.0,other,148.0,2.0,5.0,5.0,5.0,140500.0,2.5,1.0,1.0,147.0,0.0,0.0,1.0,0
896,49.0,other,129.0,2.0,1.0,3.0,3.0,123000.0,3.0,0.0,0.0,0.0,0.0,0.0,0.0,0
897,46.0,other,162.0,2.0,5.0,5.0,4.0,83500.0,1.5,1.0,1.0,162.0,0.0,0.0,1.0,0
898,55.0,female,102.0,2.0,5.0,5.0,5.0,202500.0,2.5,1.0,1.0,101.0,0.0,0.0,1.0,0
899,25.0,female,159.0,3.0,5.0,5.0,5.0,141500.0,1.5,1.0,1.0,159.0,0.0,0.0,1.0,0
900,52.0,male,112.0,3.0,5.0,5.0,5.0,228000.0,2.0,1.0,1.0,112.0,0.0,0.0,1.0,0
902,45.0,other,161.0,1.0,1.0,3.0,4.0,168000.0,2.0,0.0,0.0,0.0,1.0,0.0,0.0,0
903,40.0,other,88.0,1.0,5.0,5.0,5.0,138000.0,2.0,1.0,2.0,87.0,0.0,0.0,1.0,0
901,35.0,female,136.0,2.0,1.0,3.0,1.0,41000.0,1.0,0.0,0.0,0.0,0.0,0.0,0.0,0
904,29.0,male,126.0,2.0,5.0,5.0,3.0,52500.0,1.5,1.0,1.0,126.0,0.0,0.0,1.0,0
905,31.0,female,76.0,3.0,2.0,3.0,5.0,277000.0,3.0,0.0,1.0,0.0,1.0,0.0,0.0,0
906,27.0,male,160.0,1.0,5.0,5.0,3.0,55000.0,1.0,1.0,1.0,159.0,0.5,0.0,1.0,0
907,29.0,male,139.0,0.0,5.0,5.0,4.0,76000.0,2.0,1.0,1.0,139.0,0.0,0.0,1.0,0
908,29.0,male,96.0,2.0,5.0,5.0,4.0,97000.0,1.0,1.0,1.0,95.0,1.0,0.0,1.0,0
909,32.0,other,137.0,1.0,5.0,5.0,4.0,99500.0,1.5,1.0,1.0,137.0,0.0,0.0,1.0,0
910,28.0,other,128.0,1.0,5.0,5.0,5.0,164500.0,1.5,1.0,1.0,128.0,0.0,0.0,1.0,0
911,47.0,male,110.0,0.0,5.0,5.0,5.0,240500.0,2.5,1.0,1.0,110.0,0.5,0.0,1.0,0
913,44.0,other,157.0,1.0,1.0,3.0,5.0,273000.0,3.0,0.0,0.0,0.0,0.0,0.0,0.0,0
912,30.0,other,162.0,2.0,5.0,5.0,5.0,168000.0,2.0,1.0,1.0,162.0,0.0,0.0,1.0,0
915,49.0,other,96.0,1.0,5.0,5.0,5.0,202500.0,2.5,1.0,1.0,96.0,0.5,0.0,1.0,0
914,47.0,female,64.0,2.0,5.0,5.0,5.0,181000.0,2.0,1.0,2.0,64.0,0.0,0.0,1.0,0
916,48.0,female,152.0,3.0,5.0,5.0,5.0,166000.0,2.0,1.0,1.0,152.0,0.5,0.0,1.0,0
917,47.0,other,179.0,2.0,5.0,5.0,5.0,187500.0,2.5,1.0,1.0,179.0,0.5,0.0,1.0,0
918,23.0,male,163.0,1.0,5.0,5.0,4.0,78000.0,2.0,1.0,1.0,163.0,0.0,0.0,1.0,0
919,37.0,female,157.0,3.0,5.0,5.0,3.0,65000.0,1.0,1.0,1.0,156.0,0.5,0.0,1.0,0
920,43.0,other,138.0,1.0,5.0,5.0,4.0,106500.0,1.5,1.0,1.0,138.0,0.0,0.0,1.0,0
921,47.0,male,158.0,2.0,5.0,5.0,4.0,111500.0,2.5,1.0,1.0,158.0,0.0,0.0,1.0,0
923,55.0,other,162.0,2.0,1.0,3.0,2.0,99000.0,1.0,0.0,0.0,0.0,1.0,0.0,0.0,0
922,47.0,male,72.0,3.0,5.0,5.0,5.0,134000.0,2.0,1.0,2.0,72.0,0.0,0.0,1.0,0
924,39.0,female,157.0,2.0,5.0,5.0,3.0,56500.0,1.5,1.0,1.0,157.0,0.5,0.0,1.0,0
925,24.0,female,103.0,1.0,1.0,3.0,4.0,184000.0,2.0,0.0,0.0,0.0,1.0,0.0,0.0,0
926,35.0,male,167.0,3.0,1.0,3.0,2.0,84000.0,2.0,0.0,0.0,0.0,1.0,0.0,0.0,0
927,48.0,male,74.0,3.0,2.0,3.0,4.0,187000.0,3.0,0.0,1.0,0.0,1.0,0.0,0.0,0
928,29.0,female,159.0,3.0,1.0,3.0,1.0,68000.0,2.0,0.0,0.0,0.0,0.0,0.0,0.0,0
929,31.0,female,143.0,3.0,5.0,5.0,4.0,94500.0,2.5,1.0,1.0,142.0,0.5,0.0,1.0,0
930,31.0,female,167.0,3.0,1.0,3.0,1.0,68000.0,2.0,0.0,0.0,0.0,1.0,0.0,0.0,0
931,31.0,other,66.0,2.0,5.0,5.0,5.0,186000.0,2.0,1.0,2.0,66.0,0.5,0.0,1.0,0
932,34.0,other,145.0,1.0,1.0,3.0,5.0,277000.0,3.0,0.0,0.0,0.0,0.0,0.0,0.0,0
933,39.0,female,124.0,0.0,5.0,5.0,2.0,44000.0,1.0,1.0,1.0,123.0,0.0,0.0,1.0,0
934,41.0,other,145.0,1.0,1.0,3.0,3.0,135000.0,1.0,0.0,0.0,0.0,0.0,0.0,0.0,0
935,26.0,male,119.0,3.0,1.0,3.0,2.0,80000.0,2.0,0.0,0.0,0.0,0.0,0.0,0.0,0
936,29.0,other,165.0,2.0,5.0,5.0,3.0,57500.0,1.5,1.0,1.0,165.0,0.0,0.0,1.0,0
938,48.0,male,67.0,1.0,5.0,5.0,5.0,156500.0,1.5,1.0,2.0,66.0,1.0,0.0,1.0,0
937,20.0,other,151.0,3.0,5.0,5.0,5.0,161500.0,1.5,1.0,1.0,150.0,0.5,0.0,1.0,0
939,50.0,female,100.0,3.0,1.0,3.0,1.0,75000.0,1.0,0.0,0.0,0.0,1.0,0.0,0.0,0
940,54.0,male,130.0,0.0,1.0,3.0,1.0,35000.0,1.0,0.0,0.0,0.0,1.0,0.0,0.0,0
941,52.0,female,78.0,3.0,2.0,3.0,2.0,95000.0,1.0,0.0,1.0,0.0,1.0,0.0,0.0,0
942,36.0,other,145.0,2.0,5.0,5.0,4.0,76000.0,2.0,1.0,1.0,145.0,0.0,0.0,1.0,0
943,44.0,male,181.0,2.0,5.0,5.0,5.0,188000.0,2.0,1.0,1.0,180.0,0.0,0.0,1.0,0
944,37.0,other,95.0,0.0,2.0,3.0,2.0,80000.0,2.0,0.0,0.0,0.0,0.0,0.0,0.0,0
945,25.0,male,134.0,2.0,5.0,5.0,3.0,66500.0,1.5,1.0,1.0,134.0,1.0,0.0,1.0,0
946,49.0,other,173.0,1.0,5.0,5.0,3.0,52000.0,1.0,1.0,1.0,172.0,0.0,0.0,1.0,0
947,28.0,other,77.0,3.0,5.0,5.0,3.0,72000.0,1.0,1.0,2.0,76.0,0.0,0.0,1.0,0
948,50.0,male,90.0,1.0,5.0,5.0,4.0,97000.0,1.0,1.0,2.0,89.0,0.0,0.0,1.0,0
949,37.0,other,123.0,0.0,5.0,5.0,4.0,97500.0,1.5,1.0,1.0,122.0,0.5,0.0,1.0,0
950,29.0,male,167.0,0.0,5.0,5.0,5.0,170500.0,2.5,1.0,1.0,167.0,0.5,0.0,1.0,0
951,42.0,other,92.0,0.0,5.0,5.0,5.0,140500.0,2.5,1.0,1.0,92.0,0.5,0.0,1.0,0
952,29.0,other,65.0,3.0,3.0,3.0,2.0,96000.0,2.0,0.0,1.0,0.0,0.0,0.0,0.0,0
953,35.0,other,136.0,3.0,5.0,5.0,4.0,78500.0,1.5,1.0,1.0,136.0,0.0,0.0,1.0,0
954,43.0,male,90.0,3.0,5.0,5.0,4.0,93500.0,1.5,1.0,2.0,90.0,0.0,0.0,1.0,0
955,46.0,female,116.0,2.0,5.0,5.0,3.0,72000.0,1.0,1.0,1.0,116.0,0.5,0.0,1.0,0
956,47.0,male,123.0,1.0,1.0,3.0,2.0,84000.0,2.0,0.0,0.0,0.0,1.0,0.0,0.0,0
957,37.0,female,155.0,1.0,5.0,5.0,5.0,220500.0,2.5,1.0,1.0,155.0,0.0,0.0,1.0,0
958,47.0,other,64.0,2.0,5.0,5.0,5.0,169000.0,2.0,1.0,2.0,64.0,1.0,0.0,1.0,0
959,25.0,female,181.0,3.0,5.0,5.0,5.0,188000.0,2.0,1.0,1.0,180.0,0.5,0.0,1.0,0
960,54.0,female,144.0,2.0,5.0,5.0,5.0,126500.0,1.5,1.0,1.0,143.0,0.0,0.0,1.0,0
961,52.0,other,154.0,0.0,5.0,5.0,5.0,132000.0,2.0,1.0,1.0,153.0,0.0,0.0,1.0,0
962,50.0,female,144.0,2.0,5.0,5.0,5.0,230500.0,2.5,1.0,1.0,143.0,0.5,0.0,1.0,0
964,39.0,male,91.0,0.0,5.0,5.0,3.0,64500.0,1.5,1.0,1.0,91.0,1.0,0.0,1.0,0
963,41.0,other,130.0,2.0,1.0,3.0,1.0,41000.0,1.0,0.0,0.0,0.0,0.0,0.0,0.0,0
965,30.0,male,86.0,2.0,5.0,5.0,5.0,164500.0,1.5,1.0,2.0,86.0,0.0,0.0,1.0,0
966,38.0,male,129.0,3.0,5.0,5.0,5.0,212500.0,2.5,1.0,1.0,129.0,0.0,0.0,1.0,0
967,38.0,male,164.0,3.0,5.0,5.0,4.0,106500.0,1.5,1.0,1.0,163.0,1.0,0.0,1.0,0
969,35.0,male,126.0,3.0,5.0,5.0,3.0,69500.0,1.5,1.0,1.0,126.0,1.0,0.0,1.0,0
968,43.0,other,149.0,3.0,5.0,5.0,4.0,80500.0,1.5,1.0,1.0,149.0,0.5,0.0,1.0,0
970,34.0,male,175.0,1.0,1.0,3.0,1.0,64000.0,2.0,0.0,0.0,0.0,0.0,0.0,0.0,0
971,36.0,male,170.0,0.0,5.0,5.0,5.0,135500.0,2.5,1.0,1.0,170.0,1.0,0.0,1.0,0
972,37.0,male,171.0,2.0,5.0,5.0,4.0,109500.0,1.5,1.0,1.0,171.0,0.5,0.0,1.0,0
973,33.0,male,87.0,0.0,2.0,3.0,2.0,85000.0,1.0,0.0,1.0,0.0,0.0,0.0,0.0,0
974,49.0,other,127.0,3.0,5.0,5.0,4.0,106500.0,1.5,1.0,1.0,126.0,0.5,0.0,1.0,0
975,27.0,male,133.0,1.0,5.0,5.0,4.0,100000.0,2.0,1.0,1.0,133.0,0.0,0.0,1.0,0
977,42.0,female,175.0,1.0,5.0,5.0,5.0,244500.0,2.5,1.0,1.0,174.0,0.5,0.0,1.0,0
976,21.0,male,145.0,2.0,5.0,5.0,5.0,122000.0,2.0,1.0,1.0,145.0,0.0,0.0,1.0,0
978,29.0,other,136.0,2.0,5.0,5.0,5.0,125500.0,2.5,1.0,1.0,136.0,0.5,0.0,1.0,0
979,55.0,female,91.0,1.0,5.0,5.0,4.0,88000.0,2.0,1.0,2.0,90.0,0.0,0.0,1.0,0
980,28.0,male,180.0,1.0,1.0,3.0,3.0,135000.0,1.0,0.0,0.0,0.0,1.0,0.0,0.0,0
981,55.0,female,115.0,3.0,5.0,5.0,4.0,88000.0,2.0,1.0,1.0,114.0,0.0,0.0,1.0,0
982,27.0,female,114.0,2.0,5.0,5.0,5.0,154500.0,2.5,1.0,1.0,113.0,0.5,0.0,1.0,0
983,22.0,female,126.0,0.0,5.0,5.0,5.0,255500.0,2.5,1.0,1.0,125.0,1.0,0.0,1.0,0
985,35.0,male,92.0,2.0,5.0,5.0,4.0,119500.0,1.5,1.0,1.0,92.0,0.0,0.0,1.0,0
984,48.0,female,114.0,2.0,5.0,5.0,4.0,112000.0,2.0,1.0,1.0,114.0,0.5,0.0,1.0,0
986,26.0,male,144.0,1.0,5.0,5.0,4.0,92000.0,1.0,1.0,1.0,143.0,0.0,0.0,1.0,0
987,47.0,male,167.0,3.0,5.0,5.0,5.0,126000.0,2.0,1.0,1.0,167.0,0.5,0.0,1.0,0
988,21.0,other,70.0,2.0,5.0,5.0,5.0,212500.0,2.5,1.0,2.0,70.0,0.5,0.0,1.0,0
989,33.0,other,121.0,1.0,5.0,5.0,5.0,163000.0,2.0,1.0,1.0,120.0,0.5,0.0,1.0,0
991,21.0,female,165.0,0.0,5.0,5.0,3.0,70000.0,1.0,1.0,1.0,165.0,0.0,0.0,1.0,0
990,40.0,male,72.0,3.0,5.0,5.0,5.0,130000.0,2.0,1.0,2.0,72.0,0.5,0.0,1.0,0
992,34.0,male,96.0,1.0,5.0,5.0,4.0,121500.0,1.5,1.0,1.0,96.0,0.0,0.0,1.0,0
993,42.0,male,115.0,1.0,5.0,5.0,4.0,101000.0,2.0,1.0,1.0,115.0,0.5,0.0,1.0,0
994,31.0,male,119.0,0.0,5.0,5.0,5.0,162500.0,2.5,1.0,1.0,119.0,0.5,0.0,1.0,0
995,25.0,female,124.0,1.0,5.0,5.0,5.0,200500.0,2.5,1.0,1.0,124.0,0.5,0.0,1.0,0
996,51.0,female,97.0,1.0,5.0,5.0,5.0,200500.0,2.5,1.0,1.0,96.0,0.0,0.0,1.0,0
997,32.0,other,85.0,2.0,5.0,5.0,5.0,203500.0,1.5,1.0,2.0,84.0,0.0,0.0,1.0,0
998,23.0,male,111.0,0.0,5.0,5.0,4.0,101500.0,1.5,1.0,1.0,111.0,0.5,0.0,1.0,0
999,55.0,female,75.0,0.0,5.0,5.0,5.0,161000.0,2.0,1.0,2.0,75.0,0.0,0.0,1.0,0
1000,21.0,other,130.0,1.0,5.0,5.0,4.0,109000.0,1.0,1.0,1.0,130.0,0.0,0.0,1.0,0
